--
-- TOC entry 2968 (class 0 OID 426421)
-- Dependencies: 198
-- Data for Name: Meditions; Type: TABLE DATA; Schema: public; Owner: powermeter
--

COPY public."Meditions" (id, "ReportId", name, "puntualMeditions", "averagePower", "maximumPower") FROM stdin;
1	1	Heladera	[{"value": 0, "offset": 2471, "blocked": true}, {"value": 0, "offset": 861450, "blocked": false}, {"value": 793, "offset": 863012, "blocked": true}, {"value": 208.4, "offset": 866608, "blocked": true}, {"value": 207.7, "offset": 2057847, "blocked": false}, {"value": 181.5, "offset": 2059408, "blocked": true}, {"value": 8.4, "offset": 2060961, "blocked": true}, {"value": 0, "offset": 2062511, "blocked": true}, {"value": 0, "offset": 4225480, "blocked": false}, {"value": 794.1, "offset": 4227192, "blocked": true}, {"value": 212, "offset": 4228787, "blocked": true}, {"value": 212.1, "offset": 5372265, "blocked": false}, {"value": 186.5, "offset": 5373823, "blocked": true}, {"value": 0, "offset": 5375406, "blocked": true}, {"value": 0, "offset": 7639305, "blocked": false}, {"value": 679, "offset": 7640869, "blocked": true}, {"value": 282.8, "offset": 7642435, "blocked": true}, {"value": 215.5, "offset": 7643991, "blocked": true}, {"value": 214.9, "offset": 8864375, "blocked": false}, {"value": 118.4, "offset": 8866066, "blocked": true}, {"value": 0, "offset": 8867622, "blocked": true}, {"value": 0, "offset": 11167877, "blocked": false}, {"value": 777.3, "offset": 11169444, "blocked": true}, {"value": 219.1, "offset": 11171004, "blocked": true}, {"value": 217.6, "offset": 12274111, "blocked": false}, {"value": 112.1, "offset": 12275690, "blocked": true}, {"value": 0, "offset": 12277254, "blocked": true}, {"value": 0, "offset": 14321707, "blocked": false}, {"value": 780.1, "offset": 14323260, "blocked": true}, {"value": 217.9, "offset": 14324839, "blocked": true}, {"value": 207.3, "offset": 15362482, "blocked": false}, {"value": 7.2, "offset": 15364047, "blocked": true}, {"value": 7.2, "offset": 15365598, "blocked": false}, {"value": 0, "offset": 15367153, "blocked": true}, {"value": 0, "offset": 17455591, "blocked": false}, {"value": 668.7, "offset": 17457144, "blocked": true}, {"value": 335.5, "offset": 17458707, "blocked": true}, {"value": 212.9, "offset": 17460265, "blocked": true}, {"value": 212.8, "offset": 18495990, "blocked": false}, {"value": 114, "offset": 18497576, "blocked": true}, {"value": 0, "offset": 18499134, "blocked": true}, {"value": 0, "offset": 20603033, "blocked": false}, {"value": 731.3, "offset": 20604595, "blocked": true}, {"value": 233.6, "offset": 20606164, "blocked": true}, {"value": 210.1, "offset": 20607720, "blocked": true}, {"value": 209, "offset": 21685591, "blocked": false}, {"value": 183.9, "offset": 21687174, "blocked": true}, {"value": 0, "offset": 21688731, "blocked": true}, {"value": 0, "offset": 23845882, "blocked": false}, {"value": 781.6, "offset": 23847454, "blocked": true}, {"value": 218.9, "offset": 23849016, "blocked": true}, {"value": 207.7, "offset": 24909633, "blocked": false}, {"value": 0, "offset": 24911202, "blocked": true}, {"value": 0, "offset": 26652869, "blocked": false}, {"value": 17, "offset": 26654451, "blocked": true}, {"value": 17, "offset": 26655991, "blocked": false}, {"value": 0, "offset": 26657542, "blocked": true}, {"value": 0, "offset": 26744372, "blocked": false}, {"value": 14.5, "offset": 26745930, "blocked": true}, {"value": 15.1, "offset": 26747486, "blocked": false}, {"value": 0, "offset": 26749050, "blocked": true}, {"value": 0, "offset": 26991151, "blocked": false}, {"value": 796.2, "offset": 26992747, "blocked": true}, {"value": 206.2, "offset": 26994306, "blocked": true}, {"value": 205.4, "offset": 28186395, "blocked": false}, {"value": 103.1, "offset": 28187942, "blocked": true}, {"value": 0, "offset": 28189490, "blocked": true}, {"value": 0, "offset": 30262036, "blocked": false}, {"value": 794.5, "offset": 30263593, "blocked": true}, {"value": 202.9, "offset": 30265156, "blocked": true}, {"value": 202.6, "offset": 31290645, "blocked": false}, {"value": 167.2, "offset": 31292203, "blocked": true}, {"value": 0, "offset": 31293754, "blocked": true}, {"value": 0, "offset": 33515561, "blocked": false}, {"value": 812.1, "offset": 33517114, "blocked": true}, {"value": 202.6, "offset": 33518694, "blocked": true}, {"value": 198.9, "offset": 34638591, "blocked": false}, {"value": 0, "offset": 34640144, "blocked": true}, {"value": 0, "offset": 36879526, "blocked": false}, {"value": 785.5, "offset": 36881085, "blocked": true}, {"value": 210.3, "offset": 36882648, "blocked": true}, {"value": 207.4, "offset": 38032587, "blocked": false}, {"value": 169.9, "offset": 38034142, "blocked": true}, {"value": 8.3, "offset": 38035694, "blocked": true}, {"value": 8.3, "offset": 38044969, "blocked": false}, {"value": 0, "offset": 38046520, "blocked": true}, {"value": 0, "offset": 40242170, "blocked": false}, {"value": 680.3, "offset": 40243743, "blocked": true}, {"value": 317.3, "offset": 40245340, "blocked": true}, {"value": 207.3, "offset": 40246905, "blocked": true}, {"value": 205, "offset": 41300082, "blocked": false}, {"value": 72.2, "offset": 41301668, "blocked": true}, {"value": 0, "offset": 41303229, "blocked": true}, {"value": 0, "offset": 43337812, "blocked": false}, {"value": 496.8, "offset": 43339368, "blocked": true}, {"value": 556.8, "offset": 43340931, "blocked": true}, {"value": 211.4, "offset": 43342547, "blocked": true}, {"value": 205.4, "offset": 44466818, "blocked": false}, {"value": 0, "offset": 44468394, "blocked": true}, {"value": 0, "offset": 46562005, "blocked": false}, {"value": 494.1, "offset": 46563557, "blocked": true}, {"value": 557.6, "offset": 46565157, "blocked": true}, {"value": 207.4, "offset": 46566799, "blocked": true}, {"value": 205, "offset": 47682276, "blocked": false}, {"value": 0, "offset": 47683124, "blocked": true}, {"value": 0, "offset": 49827223, "blocked": false}, {"value": 802.3, "offset": 49828777, "blocked": true}, {"value": 205.1, "offset": 49830337, "blocked": true}, {"value": 205.2, "offset": 50966209, "blocked": false}, {"value": 92.3, "offset": 50967772, "blocked": true}, {"value": 0, "offset": 50969325, "blocked": true}, {"value": 0, "offset": 53054081, "blocked": false}, {"value": 803.7, "offset": 53055633, "blocked": true}, {"value": 208.2, "offset": 53059247, "blocked": true}, {"value": 201.8, "offset": 54126406, "blocked": false}, {"value": 0, "offset": 54127958, "blocked": true}, {"value": 0, "offset": 56241832, "blocked": false}, {"value": 800.5, "offset": 56243395, "blocked": true}, {"value": 207.7, "offset": 56244945, "blocked": true}, {"value": 208.1, "offset": 57334215, "blocked": false}, {"value": 125.7, "offset": 57335782, "blocked": true}, {"value": 0, "offset": 57339373, "blocked": true}, {"value": 0, "offset": 59417836, "blocked": false}, {"value": 809.3, "offset": 59419735, "blocked": true}, {"value": 0, "offset": 59420344, "blocked": true}, {"value": 0, "offset": 59422338, "blocked": false}, {"value": 209.1, "offset": 59424026, "blocked": true}, {"value": 209, "offset": 60498982, "blocked": false}, {"value": 114.2, "offset": 60500540, "blocked": true}, {"value": 0, "offset": 60502092, "blocked": true}, {"value": 0, "offset": 62616614, "blocked": false}, {"value": 789.5, "offset": 62617491, "blocked": true}, {"value": 211.4, "offset": 62619045, "blocked": true}, {"value": 211.6, "offset": 63754696, "blocked": false}, {"value": 33.2, "offset": 63756254, "blocked": true}, {"value": 0, "offset": 63757807, "blocked": true}, {"value": 0, "offset": 65940222, "blocked": false}, {"value": 793.6, "offset": 65941782, "blocked": true}, {"value": 210.3, "offset": 65943351, "blocked": true}, {"value": 208.3, "offset": 67091510, "blocked": false}, {"value": 156.8, "offset": 67093070, "blocked": true}, {"value": 0, "offset": 67094630, "blocked": true}, {"value": 0, "offset": 68330113, "blocked": false}, {"value": 17.1, "offset": 68331680, "blocked": true}, {"value": 17.1, "offset": 68336389, "blocked": false}, {"value": 11.2, "offset": 68337935, "blocked": true}, {"value": 0, "offset": 68339573, "blocked": true}, {"value": 0, "offset": 68407758, "blocked": false}, {"value": 17.1, "offset": 68409497, "blocked": true}, {"value": 16.9, "offset": 68415730, "blocked": false}, {"value": 0, "offset": 68417286, "blocked": true}, {"value": 0, "offset": 68509693, "blocked": false}, {"value": 15.7, "offset": 68511251, "blocked": true}, {"value": 16.8, "offset": 68514379, "blocked": false}, {"value": 7.3, "offset": 68515991, "blocked": true}, {"value": 0, "offset": 68517623, "blocked": true}, {"value": 0, "offset": 68548942, "blocked": false}, {"value": 11.4, "offset": 68550512, "blocked": true}, {"value": 17.2, "offset": 68552074, "blocked": true}, {"value": 17.1, "offset": 68553659, "blocked": false}, {"value": 0, "offset": 68555225, "blocked": true}, {"value": 0, "offset": 68619015, "blocked": false}, {"value": 14.5, "offset": 68620573, "blocked": true}, {"value": 17.1, "offset": 68622141, "blocked": true}, {"value": 0, "offset": 68623696, "blocked": true}, {"value": 0, "offset": 68661283, "blocked": false}, {"value": 8.8, "offset": 68662844, "blocked": true}, {"value": 17.1, "offset": 68664397, "blocked": true}, {"value": 16.8, "offset": 68665953, "blocked": false}, {"value": 0, "offset": 68667513, "blocked": true}, {"value": 0, "offset": 68813985, "blocked": false}, {"value": 482.3, "offset": 68815551, "blocked": true}, {"value": 572.7, "offset": 68817105, "blocked": true}, {"value": 223.6, "offset": 68818655, "blocked": true}, {"value": 205.9, "offset": 70066671, "blocked": false}, {"value": 176.8, "offset": 70068359, "blocked": true}, {"value": 0, "offset": 70069910, "blocked": true}, {"value": 0, "offset": 71397286, "blocked": false}, {"value": 17, "offset": 71398870, "blocked": true}, {"value": 17, "offset": 71400437, "blocked": false}, {"value": 7, "offset": 71402068, "blocked": true}, {"value": 0, "offset": 71403651, "blocked": true}, {"value": 0, "offset": 72038596, "blocked": false}, {"value": 569.4, "offset": 72040148, "blocked": true}, {"value": 497.2, "offset": 72041711, "blocked": true}, {"value": 213.6, "offset": 72043267, "blocked": true}, {"value": 198.3, "offset": 73229817, "blocked": false}, {"value": 0, "offset": 73231383, "blocked": true}, {"value": 0, "offset": 73675723, "blocked": false}, {"value": 11.3, "offset": 73677294, "blocked": true}, {"value": 16.9, "offset": 73678847, "blocked": true}, {"value": 10.1, "offset": 73680402, "blocked": true}, {"value": 0, "offset": 73681956, "blocked": true}, {"value": 0, "offset": 74579757, "blocked": false}, {"value": 16.9, "offset": 74581318, "blocked": true}, {"value": 17, "offset": 74589090, "blocked": false}, {"value": 12.1, "offset": 74590660, "blocked": true}, {"value": 0, "offset": 74592222, "blocked": true}, {"value": 0, "offset": 75009086, "blocked": false}, {"value": 792.4, "offset": 75010636, "blocked": true}, {"value": 208.4, "offset": 75012215, "blocked": true}, {"value": 207.9, "offset": 76273363, "blocked": false}, {"value": 0, "offset": 76274928, "blocked": true}, {"value": 0, "offset": 78353919, "blocked": false}, {"value": 785, "offset": 78355573, "blocked": true}, {"value": 208.7, "offset": 78357123, "blocked": true}, {"value": 210.3, "offset": 79605552, "blocked": false}, {"value": 106, "offset": 79607139, "blocked": true}, {"value": 0, "offset": 79608691, "blocked": true}, {"value": 0, "offset": 81758248, "blocked": false}, {"value": 787.2, "offset": 81759811, "blocked": true}, {"value": 210.2, "offset": 81761384, "blocked": true}, {"value": 206.3, "offset": 83048494, "blocked": false}, {"value": 0, "offset": 83050081, "blocked": true}, {"value": 0, "offset": 83617740, "blocked": false}, {"value": 12.7, "offset": 83619298, "blocked": true}, {"value": 17.3, "offset": 83620860, "blocked": true}, {"value": 17.2, "offset": 83622431, "blocked": false}, {"value": 0, "offset": 83623984, "blocked": true}, {"value": 0, "offset": 84939850, "blocked": false}, {"value": 782.1, "offset": 84941447, "blocked": true}, {"value": 214.5, "offset": 84943007, "blocked": true}, {"value": 204.6, "offset": 86227754, "blocked": false}, {"value": 154.7, "offset": 86229433, "blocked": true}, {"value": 0, "offset": 86231005, "blocked": true}, {"value": 0, "offset": 86399024, "blocked": false}]	74.519999999999996	812.100000000000023
2	1	Luces	[{"value": 0, "offset": 322, "blocked": true}, {"value": 0, "offset": 26608475, "blocked": false}, {"value": 32.7, "offset": 26610029, "blocked": true}, {"value": 26.7, "offset": 26611572, "blocked": true}, {"value": 27.1, "offset": 27091098, "blocked": false}, {"value": 33.1, "offset": 27092646, "blocked": true}, {"value": 32.8, "offset": 27434343, "blocked": false}, {"value": 25.5, "offset": 27435902, "blocked": true}, {"value": 27.1, "offset": 27713272, "blocked": false}, {"value": 8, "offset": 27716855, "blocked": true}, {"value": 7.9, "offset": 27725524, "blocked": false}, {"value": 64.5, "offset": 27727085, "blocked": true}, {"value": 55.6, "offset": 27728638, "blocked": true}, {"value": 57.8, "offset": 27745715, "blocked": false}, {"value": 90.6, "offset": 27747270, "blocked": true}, {"value": 76.6, "offset": 27909453, "blocked": false}, {"value": 23.8, "offset": 27910191, "blocked": true}, {"value": 23.6, "offset": 27913271, "blocked": false}, {"value": 76.6, "offset": 27913960, "blocked": true}, {"value": 23.7, "offset": 27914819, "blocked": true}, {"value": 23.9, "offset": 27917911, "blocked": false}, {"value": 78, "offset": 27919480, "blocked": true}, {"value": 75.8, "offset": 27947354, "blocked": false}, {"value": 59.4, "offset": 27948903, "blocked": true}, {"value": 23.3, "offset": 27950449, "blocked": true}, {"value": 23.2, "offset": 27967748, "blocked": false}, {"value": 41.5, "offset": 27969301, "blocked": true}, {"value": 42.8, "offset": 28316624, "blocked": false}, {"value": 47.1, "offset": 28318194, "blocked": true}, {"value": 46.9, "offset": 28395822, "blocked": false}, {"value": 54.1, "offset": 28397380, "blocked": true}, {"value": 54.2, "offset": 28398948, "blocked": false}, {"value": 44.8, "offset": 28400525, "blocked": true}, {"value": 44.6, "offset": 28565740, "blocked": false}, {"value": 54, "offset": 28567292, "blocked": true}, {"value": 53.8, "offset": 28612399, "blocked": false}, {"value": 41.4, "offset": 28614036, "blocked": true}, {"value": 25.9, "offset": 28615700, "blocked": true}, {"value": 26.3, "offset": 28877712, "blocked": false}, {"value": 20.4, "offset": 28879265, "blocked": true}, {"value": 20.3, "offset": 29450617, "blocked": false}, {"value": 49.4, "offset": 29452182, "blocked": true}, {"value": 50, "offset": 29496280, "blocked": false}, {"value": 20.3, "offset": 29497870, "blocked": true}, {"value": 20.2, "offset": 29513441, "blocked": false}, {"value": 67.4, "offset": 29514991, "blocked": true}, {"value": 75.8, "offset": 29516546, "blocked": true}, {"value": 85.6, "offset": 30102215, "blocked": false}, {"value": 26.7, "offset": 30103985, "blocked": true}, {"value": 26.2, "offset": 30146173, "blocked": false}, {"value": 20.1, "offset": 30147722, "blocked": true}, {"value": 20.4, "offset": 30291736, "blocked": false}, {"value": 58.1, "offset": 30293285, "blocked": true}, {"value": 77.9, "offset": 30294831, "blocked": true}, {"value": 82.2, "offset": 30326173, "blocked": false}, {"value": 20.5, "offset": 30327721, "blocked": true}, {"value": 20.5, "offset": 30330809, "blocked": false}, {"value": 15.2, "offset": 30332356, "blocked": true}, {"value": 0, "offset": 30333915, "blocked": true}, {"value": 0, "offset": 68284311, "blocked": false}, {"value": 60.7, "offset": 68285874, "blocked": true}, {"value": 210.9, "offset": 68287441, "blocked": true}, {"value": 222.1, "offset": 68420210, "blocked": false}, {"value": 254.2, "offset": 68421771, "blocked": true}, {"value": 255.9, "offset": 72815674, "blocked": false}, {"value": 116.7, "offset": 72817230, "blocked": true}, {"value": 126.6, "offset": 73747955, "blocked": false}, {"value": 68.5, "offset": 73749511, "blocked": true}, {"value": 67.9, "offset": 73949317, "blocked": false}, {"value": 60.1, "offset": 73950885, "blocked": true}, {"value": 61.5, "offset": 74612120, "blocked": false}, {"value": 111.5, "offset": 74613681, "blocked": true}, {"value": 117.9, "offset": 74649345, "blocked": false}, {"value": 61, "offset": 74650925, "blocked": true}, {"value": 61.2, "offset": 74657213, "blocked": false}, {"value": 68.5, "offset": 74658828, "blocked": true}, {"value": 68.3, "offset": 75204962, "blocked": false}, {"value": 61.2, "offset": 75206527, "blocked": true}, {"value": 68.8, "offset": 76464653, "blocked": false}, {"value": 60.5, "offset": 76465485, "blocked": true}, {"value": 60.9, "offset": 77045404, "blocked": false}, {"value": 99, "offset": 77046961, "blocked": true}, {"value": 95.8, "offset": 77062585, "blocked": false}, {"value": 128.5, "offset": 77064145, "blocked": true}, {"value": 151.2, "offset": 77065710, "blocked": true}, {"value": 153, "offset": 77075155, "blocked": false}, {"value": 97.5, "offset": 77076730, "blocked": true}, {"value": 94.5, "offset": 79320356, "blocked": false}, {"value": 61.3, "offset": 79321901, "blocked": true}, {"value": 60.7, "offset": 79647996, "blocked": false}, {"value": 68.5, "offset": 79649540, "blocked": true}, {"value": 67.9, "offset": 79695955, "blocked": false}, {"value": 134.5, "offset": 79697518, "blocked": true}, {"value": 123.3, "offset": 79874695, "blocked": false}, {"value": 68, "offset": 79876250, "blocked": true}, {"value": 60.5, "offset": 80901805, "blocked": false}, {"value": 67.5, "offset": 80903355, "blocked": true}, {"value": 66.7, "offset": 81495569, "blocked": false}, {"value": 63.5, "offset": 81497136, "blocked": true}, {"value": 68, "offset": 82751319, "blocked": false}, {"value": 60.5, "offset": 82753030, "blocked": true}, {"value": 60.6, "offset": 83391580, "blocked": false}, {"value": 66.9, "offset": 83393221, "blocked": true}, {"value": 67, "offset": 83996010, "blocked": false}, {"value": 59.1, "offset": 83997727, "blocked": true}, {"value": 60.1, "offset": 84633762, "blocked": false}, {"value": 67.8, "offset": 84635318, "blocked": true}, {"value": 66.7, "offset": 85249361, "blocked": false}, {"value": 58.3, "offset": 85250937, "blocked": true}, {"value": 67.6, "offset": 86399318, "blocked": false}]	26.9899999999999984	255.900000000000006
3	1	Estufa	[{"value": 866.1, "offset": 1305, "blocked": true}, {"value": 863.9, "offset": 116540, "blocked": false}, {"value": 229.1, "offset": 118096, "blocked": true}, {"value": 0, "offset": 119665, "blocked": true}, {"value": 0, "offset": 681158, "blocked": false}, {"value": 925.9, "offset": 682726, "blocked": true}, {"value": 872.4, "offset": 1435779, "blocked": false}, {"value": 0, "offset": 1437370, "blocked": true}, {"value": 0, "offset": 2012354, "blocked": false}, {"value": 818.6, "offset": 2013957, "blocked": true}, {"value": 932.3, "offset": 2015533, "blocked": true}, {"value": 874.4, "offset": 2736340, "blocked": false}, {"value": 0, "offset": 2737893, "blocked": true}, {"value": 0, "offset": 3299971, "blocked": false}, {"value": 933.9, "offset": 3301533, "blocked": true}, {"value": 877.7, "offset": 4036005, "blocked": false}, {"value": 0, "offset": 4037614, "blocked": true}, {"value": 0, "offset": 4348845, "blocked": false}, {"value": 6.7, "offset": 4350393, "blocked": true}, {"value": 0, "offset": 4352015, "blocked": true}, {"value": 0, "offset": 4587785, "blocked": false}, {"value": 944, "offset": 4589391, "blocked": true}, {"value": 880.7, "offset": 5341444, "blocked": false}, {"value": 0, "offset": 5343018, "blocked": true}, {"value": 0, "offset": 5907034, "blocked": false}, {"value": 946.4, "offset": 5908594, "blocked": true}, {"value": 881.8, "offset": 6629132, "blocked": false}, {"value": 0, "offset": 6630743, "blocked": true}, {"value": 0, "offset": 7180846, "blocked": false}, {"value": 861.1, "offset": 7182421, "blocked": true}, {"value": 882.8, "offset": 7907561, "blocked": false}, {"value": 0, "offset": 7909101, "blocked": true}, {"value": 0, "offset": 8459516, "blocked": false}, {"value": 788.9, "offset": 8461211, "blocked": true}, {"value": 948.2, "offset": 8462762, "blocked": true}, {"value": 887.5, "offset": 9208730, "blocked": false}, {"value": 0, "offset": 9210296, "blocked": true}, {"value": 0, "offset": 9758771, "blocked": false}, {"value": 949.7, "offset": 9760321, "blocked": true}, {"value": 888, "offset": 10466374, "blocked": false}, {"value": 0, "offset": 10467924, "blocked": true}, {"value": 0, "offset": 11020828, "blocked": false}, {"value": 950, "offset": 11022398, "blocked": true}, {"value": 889.4, "offset": 11740780, "blocked": false}, {"value": 0, "offset": 11742341, "blocked": true}, {"value": 0, "offset": 12285022, "blocked": false}, {"value": 955.6, "offset": 12286574, "blocked": true}, {"value": 892.6, "offset": 12995904, "blocked": false}, {"value": 0, "offset": 12997467, "blocked": true}, {"value": 0, "offset": 13545530, "blocked": false}, {"value": 951.9, "offset": 13547093, "blocked": true}, {"value": 894.1, "offset": 14256869, "blocked": false}, {"value": 786.7, "offset": 14258424, "blocked": true}, {"value": 0, "offset": 14259989, "blocked": true}, {"value": 0, "offset": 14796228, "blocked": false}, {"value": 884, "offset": 14797794, "blocked": true}, {"value": 890, "offset": 15512707, "blocked": false}, {"value": 0, "offset": 15514271, "blocked": true}, {"value": 0, "offset": 16057632, "blocked": false}, {"value": 954.2, "offset": 16059186, "blocked": true}, {"value": 890.5, "offset": 16781682, "blocked": false}, {"value": 0, "offset": 16783231, "blocked": true}, {"value": 0, "offset": 17322571, "blocked": false}, {"value": 963.8, "offset": 17324129, "blocked": true}, {"value": 888.3, "offset": 18077610, "blocked": false}, {"value": 361.2, "offset": 18079163, "blocked": true}, {"value": 0, "offset": 18080730, "blocked": true}, {"value": 0, "offset": 18631980, "blocked": false}, {"value": 583.3, "offset": 18633537, "blocked": true}, {"value": 948.5, "offset": 18635158, "blocked": true}, {"value": 891.2, "offset": 19360475, "blocked": false}, {"value": 340.2, "offset": 19362076, "blocked": true}, {"value": 0, "offset": 19363638, "blocked": true}, {"value": 0, "offset": 19893678, "blocked": false}, {"value": 480, "offset": 19895222, "blocked": true}, {"value": 941.7, "offset": 19896771, "blocked": true}, {"value": 886.6, "offset": 20643937, "blocked": false}, {"value": 0, "offset": 20645497, "blocked": true}, {"value": 0, "offset": 21176897, "blocked": false}, {"value": 946.5, "offset": 21178460, "blocked": true}, {"value": 882.9, "offset": 21860319, "blocked": false}, {"value": 257.9, "offset": 21862065, "blocked": true}, {"value": 0, "offset": 21863631, "blocked": true}, {"value": 0, "offset": 22360328, "blocked": false}, {"value": 607.7, "offset": 22361914, "blocked": true}, {"value": 942.1, "offset": 22363464, "blocked": true}, {"value": 883.4, "offset": 23111975, "blocked": false}, {"value": 0, "offset": 23113537, "blocked": true}, {"value": 0, "offset": 23631424, "blocked": false}, {"value": 742.6, "offset": 23632979, "blocked": true}, {"value": 938, "offset": 23634562, "blocked": true}, {"value": 877.5, "offset": 24393514, "blocked": false}, {"value": 0, "offset": 24395067, "blocked": true}, {"value": 0, "offset": 24913992, "blocked": false}, {"value": 924.3, "offset": 24915554, "blocked": true}, {"value": 872.5, "offset": 25667025, "blocked": false}, {"value": 0, "offset": 25670621, "blocked": true}, {"value": 871.6, "offset": 25671498, "blocked": true}, {"value": 0, "offset": 25672166, "blocked": true}, {"value": 0, "offset": 26174069, "blocked": false}, {"value": 927.6, "offset": 26175623, "blocked": true}, {"value": 864.1, "offset": 26949492, "blocked": false}, {"value": 9.3, "offset": 26951048, "blocked": true}, {"value": 0, "offset": 26952614, "blocked": true}, {"value": 0, "offset": 27440579, "blocked": false}, {"value": 615.9, "offset": 27442132, "blocked": true}, {"value": 915.2, "offset": 27443688, "blocked": true}, {"value": 858.9, "offset": 28238359, "blocked": false}, {"value": 0, "offset": 28239919, "blocked": true}, {"value": 0, "offset": 28746119, "blocked": false}, {"value": 899.5, "offset": 28747676, "blocked": true}, {"value": 852.6, "offset": 29587837, "blocked": false}, {"value": 0, "offset": 29591441, "blocked": true}, {"value": 0, "offset": 30120524, "blocked": false}, {"value": 837.2, "offset": 30122084, "blocked": true}, {"value": 854.7, "offset": 30922700, "blocked": false}, {"value": 0, "offset": 30924435, "blocked": true}, {"value": 0, "offset": 31463435, "blocked": false}, {"value": 925.6, "offset": 31464997, "blocked": true}, {"value": 888.1, "offset": 32255707, "blocked": false}, {"value": 0, "offset": 32257266, "blocked": true}, {"value": 0, "offset": 32773485, "blocked": false}, {"value": 949.1, "offset": 32775033, "blocked": true}, {"value": 887.8, "offset": 33489737, "blocked": false}, {"value": 669.3, "offset": 33491296, "blocked": true}, {"value": 0, "offset": 33492874, "blocked": true}, {"value": 0, "offset": 34020242, "blocked": false}, {"value": 803.3, "offset": 34021579, "blocked": true}, {"value": 945.1, "offset": 34023133, "blocked": true}, {"value": 858.5, "offset": 34750450, "blocked": false}, {"value": 0, "offset": 34751999, "blocked": true}, {"value": 0, "offset": 35279125, "blocked": false}, {"value": 949.6, "offset": 35280684, "blocked": true}, {"value": 880.2, "offset": 36021220, "blocked": false}, {"value": 786.6, "offset": 36022790, "blocked": true}, {"value": 0, "offset": 36024343, "blocked": true}, {"value": 0, "offset": 36563517, "blocked": false}, {"value": 206.3, "offset": 36565082, "blocked": true}, {"value": 934.2, "offset": 36566651, "blocked": true}, {"value": 877.8, "offset": 37301309, "blocked": false}, {"value": 0, "offset": 37304283, "blocked": true}, {"value": 669.4, "offset": 37304805, "blocked": true}, {"value": 0, "offset": 37305839, "blocked": true}, {"value": 0, "offset": 37841380, "blocked": false}, {"value": 941.9, "offset": 37842956, "blocked": true}, {"value": 874.3, "offset": 38627446, "blocked": false}, {"value": 0, "offset": 38629066, "blocked": true}, {"value": 0, "offset": 39196400, "blocked": false}, {"value": 941.3, "offset": 39198004, "blocked": true}, {"value": 875.8, "offset": 39949683, "blocked": false}, {"value": 0, "offset": 39953802, "blocked": true}, {"value": 0, "offset": 40508627, "blocked": false}, {"value": 930.9, "offset": 40510189, "blocked": true}, {"value": 874.7, "offset": 41255273, "blocked": false}, {"value": 0, "offset": 41256837, "blocked": true}, {"value": 0, "offset": 41830346, "blocked": false}, {"value": 608.2, "offset": 41831944, "blocked": true}, {"value": 925.6, "offset": 41833477, "blocked": true}, {"value": 880, "offset": 42575819, "blocked": false}, {"value": 0, "offset": 42577369, "blocked": true}, {"value": 0, "offset": 43150670, "blocked": false}, {"value": 949, "offset": 43152234, "blocked": true}, {"value": 887.8, "offset": 43859953, "blocked": false}, {"value": 0, "offset": 43861505, "blocked": true}, {"value": 0, "offset": 44445977, "blocked": false}, {"value": 946.2, "offset": 44447535, "blocked": true}, {"value": 886.9, "offset": 45146574, "blocked": false}, {"value": 0, "offset": 45148134, "blocked": true}, {"value": 0, "offset": 45731380, "blocked": false}, {"value": 935.1, "offset": 45732937, "blocked": true}, {"value": 889.3, "offset": 46431730, "blocked": false}, {"value": 0, "offset": 46433281, "blocked": true}, {"value": 0, "offset": 47015937, "blocked": false}, {"value": 945.7, "offset": 47017053, "blocked": true}, {"value": 0, "offset": 47017944, "blocked": true}, {"value": 940.3, "offset": 47018829, "blocked": true}, {"value": 885.4, "offset": 47712968, "blocked": false}, {"value": 0, "offset": 47714528, "blocked": true}, {"value": 0, "offset": 48301500, "blocked": false}, {"value": 933.6, "offset": 48303057, "blocked": true}, {"value": 884.9, "offset": 48997424, "blocked": false}, {"value": 0, "offset": 48998989, "blocked": true}, {"value": 0, "offset": 49578829, "blocked": false}, {"value": 956.7, "offset": 49580381, "blocked": true}, {"value": 885.8, "offset": 50286739, "blocked": false}, {"value": 0, "offset": 50288294, "blocked": true}, {"value": 0, "offset": 50869991, "blocked": false}, {"value": 550.4, "offset": 50871622, "blocked": true}, {"value": 946, "offset": 50873352, "blocked": true}, {"value": 884.4, "offset": 51572766, "blocked": false}, {"value": 624.7, "offset": 51574328, "blocked": true}, {"value": 0, "offset": 51575889, "blocked": true}, {"value": 0, "offset": 52159027, "blocked": false}, {"value": 947.6, "offset": 52163314, "blocked": true}, {"value": 885.2, "offset": 52859789, "blocked": false}, {"value": 0, "offset": 52861357, "blocked": true}, {"value": 0, "offset": 53435372, "blocked": false}, {"value": 960, "offset": 53436939, "blocked": true}, {"value": 890.9, "offset": 54133286, "blocked": false}, {"value": 163.2, "offset": 54134843, "blocked": true}, {"value": 0, "offset": 54136431, "blocked": true}, {"value": 0, "offset": 54716136, "blocked": false}, {"value": 953.3, "offset": 54719726, "blocked": true}, {"value": 0, "offset": 54719804, "blocked": true}, {"value": 948.3, "offset": 54721283, "blocked": true}, {"value": 894.5, "offset": 55427094, "blocked": false}, {"value": 0, "offset": 55428725, "blocked": true}, {"value": 0, "offset": 56009301, "blocked": false}, {"value": 950.9, "offset": 56012892, "blocked": true}, {"value": 0, "offset": 56013386, "blocked": true}, {"value": 944.6, "offset": 56014475, "blocked": true}, {"value": 894.5, "offset": 56704446, "blocked": false}, {"value": 0, "offset": 56708062, "blocked": true}, {"value": 0, "offset": 57282598, "blocked": false}, {"value": 310, "offset": 57284167, "blocked": true}, {"value": 948.6, "offset": 57285731, "blocked": true}, {"value": 892.2, "offset": 57995749, "blocked": false}, {"value": 0, "offset": 57997305, "blocked": true}, {"value": 0, "offset": 58570086, "blocked": false}, {"value": 950.4, "offset": 58571649, "blocked": true}, {"value": 888.3, "offset": 59279291, "blocked": false}, {"value": 291.2, "offset": 59281154, "blocked": true}, {"value": 0, "offset": 59282731, "blocked": true}, {"value": 0, "offset": 59855626, "blocked": false}, {"value": 951.2, "offset": 59857184, "blocked": true}, {"value": 890.7, "offset": 60578322, "blocked": false}, {"value": 0, "offset": 60579887, "blocked": true}, {"value": 0, "offset": 61147036, "blocked": false}, {"value": 959.5, "offset": 61148592, "blocked": true}, {"value": 888.6, "offset": 61857754, "blocked": false}, {"value": 0, "offset": 61859348, "blocked": true}, {"value": 0, "offset": 62413874, "blocked": false}, {"value": 964, "offset": 62415440, "blocked": true}, {"value": 895.8, "offset": 63113577, "blocked": false}, {"value": 131.4, "offset": 63115129, "blocked": true}, {"value": 0, "offset": 63116686, "blocked": true}, {"value": 0, "offset": 63672424, "blocked": false}, {"value": 956.2, "offset": 63676018, "blocked": true}, {"value": 898.8, "offset": 64377833, "blocked": false}, {"value": 0, "offset": 64379389, "blocked": true}, {"value": 0, "offset": 64934448, "blocked": false}, {"value": 964.6, "offset": 64936003, "blocked": true}, {"value": 883.2, "offset": 65686062, "blocked": false}, {"value": 0, "offset": 65687626, "blocked": true}, {"value": 0, "offset": 66243279, "blocked": false}, {"value": 946, "offset": 66244837, "blocked": true}, {"value": 882.2, "offset": 67005960, "blocked": false}, {"value": 0, "offset": 67007519, "blocked": true}, {"value": 0, "offset": 67560209, "blocked": false}, {"value": 949.6, "offset": 67561762, "blocked": true}, {"value": 880, "offset": 68324526, "blocked": false}, {"value": 0, "offset": 68326091, "blocked": true}, {"value": 0, "offset": 68877685, "blocked": false}, {"value": 613.7, "offset": 68879231, "blocked": true}, {"value": 937.1, "offset": 68880781, "blocked": true}, {"value": 854.4, "offset": 69637538, "blocked": false}, {"value": 0, "offset": 69639088, "blocked": true}, {"value": 0, "offset": 70190295, "blocked": false}, {"value": 934.7, "offset": 70193887, "blocked": true}, {"value": 0, "offset": 70194838, "blocked": true}, {"value": 930.9, "offset": 70195439, "blocked": true}, {"value": 876.6, "offset": 70950936, "blocked": false}, {"value": 571.1, "offset": 70952493, "blocked": true}, {"value": 0, "offset": 70954057, "blocked": true}, {"value": 0, "offset": 71516573, "blocked": false}, {"value": 934.5, "offset": 71518136, "blocked": true}, {"value": 867.2, "offset": 72302685, "blocked": false}, {"value": 646.3, "offset": 72304240, "blocked": true}, {"value": 0, "offset": 72305801, "blocked": true}, {"value": 0, "offset": 72862020, "blocked": false}, {"value": 531.3, "offset": 72865632, "blocked": true}, {"value": 0, "offset": 72865948, "blocked": true}, {"value": 937, "offset": 72867203, "blocked": true}, {"value": 872.8, "offset": 73635502, "blocked": false}, {"value": 633.7, "offset": 73637054, "blocked": true}, {"value": 0, "offset": 73638603, "blocked": true}, {"value": 0, "offset": 74210900, "blocked": false}, {"value": 938.7, "offset": 74212454, "blocked": true}, {"value": 876, "offset": 74945392, "blocked": false}, {"value": 0, "offset": 74946954, "blocked": true}, {"value": 0, "offset": 75508768, "blocked": false}, {"value": 938, "offset": 75510326, "blocked": true}, {"value": 866.9, "offset": 76255055, "blocked": false}, {"value": 0, "offset": 76256609, "blocked": true}, {"value": 0, "offset": 76821101, "blocked": false}, {"value": 922.9, "offset": 76822655, "blocked": true}, {"value": 864.9, "offset": 77630842, "blocked": false}, {"value": 0, "offset": 77632406, "blocked": true}, {"value": 0, "offset": 78193352, "blocked": false}, {"value": 558, "offset": 78194905, "blocked": true}, {"value": 925.1, "offset": 78196454, "blocked": true}, {"value": 871.3, "offset": 78961934, "blocked": false}, {"value": 644.3, "offset": 78963483, "blocked": true}, {"value": 0, "offset": 78965054, "blocked": true}, {"value": 0, "offset": 79523683, "blocked": false}, {"value": 931.4, "offset": 79525241, "blocked": true}, {"value": 876.8, "offset": 80280168, "blocked": false}, {"value": 762.2, "offset": 80281717, "blocked": true}, {"value": 0, "offset": 80283274, "blocked": true}, {"value": 0, "offset": 80838748, "blocked": false}, {"value": 937, "offset": 80840309, "blocked": true}, {"value": 884.3, "offset": 81587034, "blocked": false}, {"value": 546.4, "offset": 81588587, "blocked": true}, {"value": 0, "offset": 81590136, "blocked": true}, {"value": 0, "offset": 82152436, "blocked": false}, {"value": 948.2, "offset": 82153990, "blocked": true}, {"value": 876.7, "offset": 82900046, "blocked": false}, {"value": 0, "offset": 82901618, "blocked": true}, {"value": 0, "offset": 83437602, "blocked": false}, {"value": 941.3, "offset": 83439183, "blocked": true}, {"value": 859.1, "offset": 84232373, "blocked": false}, {"value": 749.9, "offset": 84235977, "blocked": true}, {"value": 862.3, "offset": 84236619, "blocked": true}, {"value": 0, "offset": 84237540, "blocked": true}, {"value": 0, "offset": 84769712, "blocked": false}, {"value": 927.6, "offset": 84771267, "blocked": true}, {"value": 875.1, "offset": 85551199, "blocked": false}, {"value": 0, "offset": 85552765, "blocked": true}, {"value": 0, "offset": 86084227, "blocked": false}, {"value": 939.7, "offset": 86085790, "blocked": true}, {"value": 880, "offset": 86399570, "blocked": false}]	501.930000000000007	964.600000000000023
4	1	Hornito	[{"value": 0, "offset": 0}, {"value": 0, "offset": 71947882}, {"value": 1442.8, "offset": 71949438}, {"value": 1353.8, "offset": 72094576}, {"value": 0, "offset": 72096130}, {"value": 0, "offset": 72097683}, {"value": 0, "offset": 72103890}, {"value": 436.8, "offset": 72105451}, {"value": 1419, "offset": 72107007}, {"value": 1365.8, "offset": 72125617}, {"value": 0, "offset": 72127179}, {"value": 0, "offset": 72133385}, {"value": 0, "offset": 72134948}, {"value": 0, "offset": 72136536}, {"value": 1043.09, "offset": 72138119}, {"value": 1421.1, "offset": 72139679}, {"value": 1417.6, "offset": 72153881}, {"value": 1262.2, "offset": 72155445}, {"value": 0, "offset": 72157013}, {"value": 0, "offset": 72166346}, {"value": 253.39, "offset": 72167899}, {"value": 1422.2, "offset": 72169462}, {"value": 1419.4, "offset": 72183451}, {"value": 1031.8, "offset": 72185011}, {"value": 0, "offset": 72186575}, {"value": 0, "offset": 72197451}, {"value": 1270.3, "offset": 72199054}, {"value": 1420, "offset": 72200794}, {"value": 1417.4, "offset": 72213233}, {"value": 344.3, "offset": 72214792}, {"value": 0, "offset": 72216347}, {"value": 0, "offset": 72227232}, {"value": 1271.1, "offset": 72228904}, {"value": 1417.7, "offset": 72230522}, {"value": 1404.8, "offset": 72243032}, {"value": 0, "offset": 72244583}, {"value": 0, "offset": 72257261}, {"value": 895.1, "offset": 72258812}, {"value": 1420.8, "offset": 72260374}, {"value": 1420.5, "offset": 72271236}, {"value": 1089.8, "offset": 72272794}, {"value": 0, "offset": 72274348}, {"value": 0, "offset": 72275900}, {"value": 0, "offset": 72286764}, {"value": 866.8, "offset": 72288321}, {"value": 1422.6, "offset": 72289879}, {"value": 1418.8, "offset": 72300970}, {"value": 660.5, "offset": 72302540}, {"value": 0, "offset": 72304106}, {"value": 0, "offset": 72316559}, {"value": 434.5, "offset": 72318120}, {"value": 1422.4, "offset": 72319687}, {"value": 1421.3, "offset": 72330579}, {"value": 589.9, "offset": 72332145}, {"value": 0, "offset": 72333701}, {"value": 0, "offset": 72347675}, {"value": 1293.7, "offset": 72349230}, {"value": 1420.8, "offset": 72360105}, {"value": 989.2, "offset": 72361664}, {"value": 0, "offset": 72363223}, {"value": 0, "offset": 72367879}, {"value": 0, "offset": 72369433}, {"value": 0, "offset": 72377272}, {"value": 530.1, "offset": 72378848}, {"value": 1426.1, "offset": 72380403}, {"value": 1369.4, "offset": 72391284}, {"value": 0, "offset": 72392841}, {"value": 0, "offset": 72408393}, {"value": 1226, "offset": 72409955}, {"value": 1428.8, "offset": 72411519}, {"value": 1425.8, "offset": 72420823}, {"value": 388, "offset": 72422389}, {"value": 0, "offset": 72423964}, {"value": 0, "offset": 72437974}, {"value": 434.6, "offset": 72439534}, {"value": 1436.5, "offset": 72441087}, {"value": 1434.1, "offset": 72450411}, {"value": 809.6, "offset": 72451974}, {"value": 0, "offset": 72453547}, {"value": 0, "offset": 72455099}, {"value": 0, "offset": 72456648}, {"value": 0, "offset": 72469163}, {"value": 908.1, "offset": 72470723}, {"value": 1438.1, "offset": 72472277}, {"value": 1432.9, "offset": 72481618}, {"value": 394.5, "offset": 72483178}, {"value": 0, "offset": 72484738}, {"value": 0, "offset": 72500297}, {"value": 1292.1, "offset": 72501921}, {"value": 1437.5, "offset": 72503681}, {"value": 1436.8, "offset": 72511427}, {"value": 1007.7, "offset": 72512979}, {"value": 0, "offset": 72514589}, {"value": 0, "offset": 72516140}, {"value": 0, "offset": 72517689}, {"value": 0, "offset": 72530340}, {"value": 817.4, "offset": 72531904}, {"value": 1437, "offset": 72533467}, {"value": 1428.7, "offset": 72542784}, {"value": 0, "offset": 72544352}, {"value": 0, "offset": 72545910}, {"value": 0, "offset": 72547459}, {"value": 0, "offset": 72561406}, {"value": 1063.7, "offset": 72562962}, {"value": 1437.2, "offset": 72564515}, {"value": 1398.2, "offset": 72573847}, {"value": 0, "offset": 72575410}, {"value": 0, "offset": 72576959}, {"value": 0, "offset": 72592604}, {"value": 571.29, "offset": 72594160}, {"value": 1437.2, "offset": 72595720}, {"value": 1433.7, "offset": 72605063}, {"value": 626.1, "offset": 72606619}, {"value": 0, "offset": 72608179}, {"value": 0, "offset": 72623740}, {"value": 57.2, "offset": 72625294}, {"value": 1434, "offset": 72626870}, {"value": 1434.1, "offset": 72636191}, {"value": 888.1, "offset": 72637747}, {"value": 0, "offset": 72639324}, {"value": 0, "offset": 72640876}, {"value": 0, "offset": 72656384}, {"value": 1311.8, "offset": 72657940}, {"value": 1429.6, "offset": 72667280}, {"value": 1064, "offset": 72668849}, {"value": 0, "offset": 72670409}, {"value": 0, "offset": 72687517}, {"value": 1400.8, "offset": 72689081}, {"value": 1402.2, "offset": 72700028}, {"value": 0, "offset": 72701599}, {"value": 0, "offset": 72720228}, {"value": 860.4, "offset": 72721788}, {"value": 1439.9, "offset": 72723349}, {"value": 1413.4, "offset": 72732708}, {"value": 0, "offset": 72734267}, {"value": 0, "offset": 72750048}, {"value": 1148, "offset": 72753660}, {"value": 0, "offset": 72754271}, {"value": 1440.2, "offset": 72755216}, {"value": 1435.5, "offset": 72763022}, {"value": 1236.4, "offset": 72764569}, {"value": 0, "offset": 72766124}, {"value": 0, "offset": 72784792}, {"value": 1331.9, "offset": 72786348}, {"value": 1434.2, "offset": 72795684}, {"value": 898.9, "offset": 72797340}, {"value": 0, "offset": 72798902}, {"value": 0, "offset": 72815970}, {"value": 831.2, "offset": 72817529}, {"value": 1436.4, "offset": 72819095}, {"value": 1432.9, "offset": 72828432}, {"value": 520.7, "offset": 72829988}, {"value": 0, "offset": 72831543}, {"value": 0, "offset": 72848603}, {"value": 1001, "offset": 72850184}, {"value": 1435.9, "offset": 72851734}, {"value": 1408.6, "offset": 72861023}, {"value": 0, "offset": 72862578}, {"value": 0, "offset": 72867396}, {"value": 0, "offset": 72868950}, {"value": 0, "offset": 72879857}, {"value": 144.5, "offset": 72881436}, {"value": 1431.2, "offset": 72883031}, {"value": 1429, "offset": 72892526}, {"value": 803.3, "offset": 72894083}, {"value": 0, "offset": 72895636}, {"value": 0, "offset": 72912760}, {"value": 1029.4, "offset": 72914355}, {"value": 1433.2, "offset": 72915915}, {"value": 1408.4, "offset": 72925287}, {"value": 0, "offset": 72926840}, {"value": 0, "offset": 72945511}, {"value": 1307.9, "offset": 72947068}, {"value": 1429.7, "offset": 72956449}, {"value": 989.2, "offset": 72958008}, {"value": 0, "offset": 72959587}, {"value": 0, "offset": 72962714}, {"value": 0, "offset": 72964272}, {"value": 0, "offset": 72976687}, {"value": 555, "offset": 72978252}, {"value": 1435.1, "offset": 72979813}, {"value": 1430.3, "offset": 72989134}, {"value": 604.4, "offset": 72990705}, {"value": 0, "offset": 72992264}, {"value": 0, "offset": 72995372}, {"value": 0, "offset": 72996921}, {"value": 0, "offset": 73009354}, {"value": 731.4, "offset": 73010916}, {"value": 1430.7, "offset": 73012473}, {"value": 1431, "offset": 73021784}, {"value": 839.4, "offset": 73023346}, {"value": 0, "offset": 73024913}, {"value": 0, "offset": 73029580}, {"value": 0, "offset": 73031130}, {"value": 0, "offset": 73043699}, {"value": 1432.3, "offset": 73045307}, {"value": 1430, "offset": 73054805}, {"value": 777.1, "offset": 73056356}, {"value": 0, "offset": 73057912}, {"value": 0, "offset": 73059464}, {"value": 0, "offset": 73075168}, {"value": 521.6, "offset": 73076718}, {"value": 1432.8, "offset": 73078284}, {"value": 1430.2, "offset": 73087637}, {"value": 781.1, "offset": 73089190}, {"value": 0, "offset": 73090742}, {"value": 0, "offset": 73098495}, {"value": 0, "offset": 73100058}, {"value": 0, "offset": 73108449}, {"value": 836.8, "offset": 73110010}, {"value": 1428.6, "offset": 73111580}, {"value": 1401.3, "offset": 73120938}, {"value": 0, "offset": 73122497}, {"value": 0, "offset": 73141166}, {"value": 836.1, "offset": 73142732}, {"value": 1429.4, "offset": 73144297}, {"value": 1425.8, "offset": 73153640}, {"value": 53.2, "offset": 73155204}, {"value": 0, "offset": 73156763}, {"value": 0, "offset": 73167631}, {"value": 0, "offset": 73169186}, {"value": 0, "offset": 73173845}, {"value": 365.2, "offset": 73175407}, {"value": 1429.9, "offset": 73176972}, {"value": 1443.3, "offset": 73186349}, {"value": 382.9, "offset": 73187928}, {"value": 81.5, "offset": 73189487}, {"value": 81, "offset": 73206613}, {"value": 913, "offset": 73208171}, {"value": 1490.9, "offset": 73209736}, {"value": 1442.9, "offset": 73219079}, {"value": 83.6, "offset": 73220653}, {"value": 84.5, "offset": 73239783}, {"value": 1265.7, "offset": 73241362}, {"value": 1493.7, "offset": 73242942}, {"value": 1490.2, "offset": 73250901}, {"value": 784.5, "offset": 73252498}, {"value": 99.5, "offset": 73254271}, {"value": 88.1, "offset": 73271497}, {"value": 736.4, "offset": 73273058}, {"value": 1491.6, "offset": 73274621}, {"value": 1487.9, "offset": 73283952}, {"value": 991.2, "offset": 73285509}, {"value": 88.69, "offset": 73287069}, {"value": 83.69, "offset": 73305995}, {"value": 984.7, "offset": 73307547}, {"value": 1490.3, "offset": 73309105}, {"value": 1487.8, "offset": 73316885}, {"value": 0, "offset": 73318436}, {"value": 0, "offset": 86418436}]	10.7300000000000004	1493.70000000000005
5	1	Caloventor	[{"value": 0, "offset": 0}, {"value": 0, "offset": 28431240}, {"value": 510.4, "offset": 28432803}, {"value": 1021.3, "offset": 28434358}, {"value": 994, "offset": 29038703}, {"value": 366.9, "offset": 29040260}, {"value": 0, "offset": 29041815}, {"value": 0, "offset": 29048039}, {"value": 683.5, "offset": 29049595}, {"value": 1149.2, "offset": 29054118}, {"value": 1139, "offset": 29262419}, {"value": 944.5, "offset": 29263984}, {"value": 0, "offset": 29265550}, {"value": 0, "offset": 29271784}, {"value": 0, "offset": 29275394}, {"value": 0, "offset": 29276067}, {"value": 0, "offset": 29277063}, {"value": 0, "offset": 30172352}, {"value": 197.1, "offset": 30173901}, {"value": 1025.2, "offset": 30175470}, {"value": 1003.7, "offset": 30359784}, {"value": 423, "offset": 30361349}, {"value": 0, "offset": 30362899}, {"value": 0, "offset": 86418436}]	11.9900000000000002	1149.20000000000005
6	1	Enchufes	[{"value": 144.4, "offset": 303, "blocked": true}, {"value": 145.8, "offset": 2541207, "blocked": false}, {"value": 164.1, "offset": 2542757, "blocked": true}, {"value": 189.7, "offset": 2550630, "blocked": false}, {"value": 210, "offset": 2552197, "blocked": true}, {"value": 214.7, "offset": 2588654, "blocked": false}, {"value": 188.5, "offset": 2590215, "blocked": true}, {"value": 142.6, "offset": 2591775, "blocked": true}, {"value": 133.3, "offset": 4002016, "blocked": false}, {"value": 88.2, "offset": 4003569, "blocked": true}, {"value": 74.6, "offset": 4005122, "blocked": true}, {"value": 60.4, "offset": 4006670, "blocked": true}, {"value": 59.6, "offset": 4042607, "blocked": false}, {"value": 71.5, "offset": 4044170, "blocked": true}, {"value": 71, "offset": 6855559, "blocked": false}, {"value": 52, "offset": 6857104, "blocked": true}, {"value": 52, "offset": 28431240, "blocked": false}, {"value": 55, "offset": 71255791, "blocked": false}, {"value": 88.6, "offset": 71257345, "blocked": true}, {"value": 122.9, "offset": 71258925, "blocked": true}, {"value": 122.5, "offset": 71764048, "blocked": false}, {"value": 70.1, "offset": 71765608, "blocked": true}, {"value": 69.8, "offset": 71767157, "blocked": false}, {"value": 60.8, "offset": 71768718, "blocked": true}, {"value": 52.7, "offset": 71770278, "blocked": true}, {"value": 53, "offset": 71835389, "blocked": false}, {"value": 58.6, "offset": 71837037, "blocked": true}, {"value": 52.7, "offset": 71838618, "blocked": true}, {"value": 53, "offset": 71946332, "blocked": false}, {"value": 133.6, "offset": 71946332, "blocked": true}, {"value": 133.6, "offset": 76102256, "blocked": false}, {"value": 135.8, "offset": 76103809, "blocked": true}, {"value": 79.5, "offset": 76105363, "blocked": true}, {"value": 76.4, "offset": 76106926, "blocked": false}, {"value": 70, "offset": 76108477, "blocked": true}, {"value": 70.2, "offset": 77862383, "blocked": false}, {"value": 58.8, "offset": 77863941, "blocked": true}, {"value": 60.7, "offset": 77878138, "blocked": false}, {"value": 94.2, "offset": 77879700, "blocked": true}, {"value": 106.5, "offset": 77881307, "blocked": true}, {"value": 118.8, "offset": 77895548, "blocked": false}, {"value": 133.6, "offset": 77897098, "blocked": true}, {"value": 124.2, "offset": 79040044, "blocked": false}, {"value": 99.8, "offset": 79041596, "blocked": true}, {"value": 68.8, "offset": 79043147, "blocked": true}, {"value": 76, "offset": 79044693, "blocked": true}, {"value": 88.6, "offset": 79052452, "blocked": false}, {"value": 99.4, "offset": 79053997, "blocked": true}, {"value": 132.7, "offset": 79074484, "blocked": false}, {"value": 59, "offset": 79076043, "blocked": true}, {"value": 73.3, "offset": 79077607, "blocked": true}, {"value": 97.6, "offset": 79090293, "blocked": false}, {"value": 118.6, "offset": 79091840, "blocked": true}, {"value": 122.3, "offset": 79196502, "blocked": false}, {"value": 77.5, "offset": 79198057, "blocked": true}, {"value": 76.9, "offset": 79201164, "blocked": false}, {"value": 61.1, "offset": 79202724, "blocked": true}, {"value": 58.8, "offset": 79208946, "blocked": false}, {"value": 76.2, "offset": 79210523, "blocked": true}, {"value": 87.5, "offset": 79212078, "blocked": true}, {"value": 102.6, "offset": 79213630, "blocked": true}, {"value": 90.9, "offset": 79215189, "blocked": true}, {"value": 105.5, "offset": 79216757, "blocked": true}, {"value": 107.9, "offset": 79218310, "blocked": false}, {"value": 93, "offset": 79219868, "blocked": true}, {"value": 111.3, "offset": 79221429, "blocked": true}, {"value": 121.8, "offset": 79554643, "blocked": false}, {"value": 82.3, "offset": 79556209, "blocked": true}, {"value": 71.6, "offset": 79557764, "blocked": true}, {"value": 74.8, "offset": 79559351, "blocked": false}, {"value": 83.9, "offset": 79561130, "blocked": true}, {"value": 87.2, "offset": 79564247, "blocked": false}, {"value": 97.4, "offset": 79565805, "blocked": true}, {"value": 104, "offset": 79570490, "blocked": false}, {"value": 123.5, "offset": 79572039, "blocked": true}, {"value": 125.4, "offset": 79626598, "blocked": false}, {"value": 139.4, "offset": 79628148, "blocked": true}, {"value": 124, "offset": 80311235, "blocked": false}, {"value": 136.6, "offset": 80312795, "blocked": true}, {"value": 118, "offset": 80832293, "blocked": false}, {"value": 134.3, "offset": 80833900, "blocked": true}, {"value": 105.3, "offset": 81298918, "blocked": false}, {"value": 116, "offset": 81300468, "blocked": true}, {"value": 111.1, "offset": 81367580, "blocked": false}, {"value": 73.1, "offset": 81369125, "blocked": true}, {"value": 58.6, "offset": 81370735, "blocked": true}, {"value": 59, "offset": 81372315, "blocked": false}, {"value": 70.8, "offset": 81373933, "blocked": true}, {"value": 80.3, "offset": 81375609, "blocked": true}, {"value": 83.5, "offset": 81378725, "blocked": false}, {"value": 92.4, "offset": 81380278, "blocked": true}, {"value": 101.6, "offset": 81589722, "blocked": false}, {"value": 112.9, "offset": 81591287, "blocked": true}, {"value": 111.4, "offset": 81592930, "blocked": false}, {"value": 98.7, "offset": 81594532, "blocked": true}, {"value": 97.6, "offset": 81744668, "blocked": false}, {"value": 107.7, "offset": 81746221, "blocked": true}, {"value": 95, "offset": 81833774, "blocked": false}, {"value": 109.8, "offset": 81835347, "blocked": true}, {"value": 98.3, "offset": 81874293, "blocked": false}, {"value": 111.8, "offset": 81878494, "blocked": true}, {"value": 112, "offset": 81880238, "blocked": false}, {"value": 95.8, "offset": 81881788, "blocked": true}, {"value": 94.4, "offset": 81901878, "blocked": false}, {"value": 119.2, "offset": 81903453, "blocked": true}, {"value": 114.4, "offset": 81908090, "blocked": false}, {"value": 97.1, "offset": 81909665, "blocked": true}, {"value": 97.8, "offset": 81931457, "blocked": false}, {"value": 112.4, "offset": 81933018, "blocked": true}, {"value": 95.1, "offset": 81934574, "blocked": true}, {"value": 115.8, "offset": 81936157, "blocked": true}, {"value": 99.4, "offset": 81956500, "blocked": false}, {"value": 116.3, "offset": 81958056, "blocked": true}, {"value": 102.1, "offset": 81959613, "blocked": true}, {"value": 96.2, "offset": 81970720, "blocked": false}, {"value": 116.4, "offset": 81972280, "blocked": true}, {"value": 99.5, "offset": 81973838, "blocked": true}, {"value": 106.8, "offset": 82036059, "blocked": false}, {"value": 94.6, "offset": 82037618, "blocked": true}, {"value": 96.7, "offset": 82040713, "blocked": false}, {"value": 107.8, "offset": 82042284, "blocked": true}, {"value": 98.1, "offset": 82059401, "blocked": false}, {"value": 119.2, "offset": 82061066, "blocked": true}, {"value": 100.4, "offset": 82062612, "blocked": true}, {"value": 96.4, "offset": 82064163, "blocked": false}, {"value": 110.9, "offset": 82065789, "blocked": true}, {"value": 96, "offset": 82067344, "blocked": true}, {"value": 94.7, "offset": 82092174, "blocked": false}, {"value": 107.4, "offset": 82093732, "blocked": true}, {"value": 102.1, "offset": 82095283, "blocked": true}, {"value": 94, "offset": 82118034, "blocked": false}, {"value": 111, "offset": 82119591, "blocked": true}, {"value": 108.9, "offset": 82121141, "blocked": false}, {"value": 95.4, "offset": 82122714, "blocked": true}, {"value": 93.5, "offset": 82156962, "blocked": false}, {"value": 108.1, "offset": 82158554, "blocked": true}, {"value": 92.6, "offset": 82199039, "blocked": false}, {"value": 107.6, "offset": 82200597, "blocked": true}, {"value": 105.2, "offset": 82202158, "blocked": false}, {"value": 90.2, "offset": 82203720, "blocked": true}, {"value": 94.6, "offset": 82219308, "blocked": false}, {"value": 107.3, "offset": 82220874, "blocked": true}, {"value": 103.8, "offset": 82222426, "blocked": false}, {"value": 91.5, "offset": 82223994, "blocked": true}, {"value": 100.9, "offset": 82225548, "blocked": true}, {"value": 94.7, "offset": 82253893, "blocked": false}, {"value": 111.4, "offset": 82255460, "blocked": true}, {"value": 106.6, "offset": 82258576, "blocked": false}, {"value": 92.8, "offset": 82260135, "blocked": true}, {"value": 112.4, "offset": 82261695, "blocked": true}, {"value": 108.2, "offset": 82263315, "blocked": false}, {"value": 95.5, "offset": 82264877, "blocked": true}, {"value": 92.3, "offset": 82269535, "blocked": false}, {"value": 106.3, "offset": 82271096, "blocked": true}, {"value": 104.3, "offset": 82272652, "blocked": false}, {"value": 115.6, "offset": 82274201, "blocked": true}, {"value": 102.8, "offset": 82275759, "blocked": true}, {"value": 96.8, "offset": 82278869, "blocked": false}, {"value": 114.4, "offset": 82280431, "blocked": true}, {"value": 97.9, "offset": 82281986, "blocked": true}, {"value": 94.9, "offset": 82325745, "blocked": false}, {"value": 105.3, "offset": 82327515, "blocked": true}, {"value": 90, "offset": 82329114, "blocked": true}, {"value": 95.7, "offset": 82338792, "blocked": false}, {"value": 108.4, "offset": 82340344, "blocked": true}, {"value": 92.4, "offset": 82341901, "blocked": true}, {"value": 94.8, "offset": 82370143, "blocked": false}, {"value": 112.1, "offset": 82371734, "blocked": true}, {"value": 98.6, "offset": 82373301, "blocked": true}, {"value": 93.4, "offset": 82399768, "blocked": false}, {"value": 106.9, "offset": 82401339, "blocked": true}, {"value": 93.1, "offset": 82402899, "blocked": true}, {"value": 90.4, "offset": 82409144, "blocked": false}, {"value": 108.3, "offset": 82410698, "blocked": true}, {"value": 112.5, "offset": 82412252, "blocked": false}, {"value": 99.6, "offset": 82413806, "blocked": true}, {"value": 91.6, "offset": 82462389, "blocked": false}, {"value": 106.7, "offset": 82463950, "blocked": true}, {"value": 92.8, "offset": 82465522, "blocked": true}, {"value": 96.1, "offset": 82470202, "blocked": false}, {"value": 107.2, "offset": 82471763, "blocked": true}, {"value": 108.7, "offset": 82473324, "blocked": false}, {"value": 90.5, "offset": 82474889, "blocked": true}, {"value": 90, "offset": 82482655, "blocked": false}, {"value": 101.4, "offset": 82484212, "blocked": true}, {"value": 98.2, "offset": 82488888, "blocked": false}, {"value": 87, "offset": 82490447, "blocked": true}, {"value": 87.5, "offset": 82496692, "blocked": false}, {"value": 96.7, "offset": 82498250, "blocked": true}, {"value": 90.4, "offset": 82509261, "blocked": false}, {"value": 100.1, "offset": 82510874, "blocked": true}, {"value": 93.1, "offset": 82521839, "blocked": false}, {"value": 103.3, "offset": 82523408, "blocked": true}, {"value": 98.4, "offset": 82524960, "blocked": false}, {"value": 91.6, "offset": 82528551, "blocked": true}, {"value": 90.9, "offset": 82547171, "blocked": false}, {"value": 107, "offset": 82548724, "blocked": true}, {"value": 93.5, "offset": 82550274, "blocked": true}, {"value": 92, "offset": 82570420, "blocked": false}, {"value": 106.6, "offset": 82571993, "blocked": true}, {"value": 105.6, "offset": 82573541, "blocked": false}, {"value": 92.7, "offset": 82575100, "blocked": true}, {"value": 93, "offset": 82578212, "blocked": false}, {"value": 113.6, "offset": 82579771, "blocked": true}, {"value": 107.2, "offset": 82582934, "blocked": false}, {"value": 96, "offset": 82584526, "blocked": true}, {"value": 97.6, "offset": 82590717, "blocked": false}, {"value": 87.8, "offset": 82592265, "blocked": true}, {"value": 87.6, "offset": 82595378, "blocked": false}, {"value": 98.7, "offset": 82596931, "blocked": true}, {"value": 93.3, "offset": 82603188, "blocked": false}, {"value": 103.7, "offset": 82604772, "blocked": true}, {"value": 111.1, "offset": 82609452, "blocked": false}, {"value": 95.3, "offset": 82611019, "blocked": true}, {"value": 98.2, "offset": 82619049, "blocked": false}, {"value": 87, "offset": 82620602, "blocked": true}, {"value": 88.8, "offset": 82631472, "blocked": false}, {"value": 101.6, "offset": 82633020, "blocked": true}, {"value": 86.4, "offset": 82634574, "blocked": true}, {"value": 86.7, "offset": 82693906, "blocked": false}, {"value": 98.3, "offset": 82695464, "blocked": true}, {"value": 91.2, "offset": 82698601, "blocked": false}, {"value": 103.9, "offset": 82700156, "blocked": true}, {"value": 90.2, "offset": 82701834, "blocked": true}, {"value": 93.2, "offset": 82720751, "blocked": false}, {"value": 114.6, "offset": 82722315, "blocked": true}, {"value": 112.4, "offset": 82723868, "blocked": false}, {"value": 106.9, "offset": 82725417, "blocked": true}, {"value": 94.5, "offset": 82726980, "blocked": true}, {"value": 93.9, "offset": 82759625, "blocked": false}, {"value": 112.3, "offset": 82761278, "blocked": true}, {"value": 109.8, "offset": 82762831, "blocked": false}, {"value": 96.3, "offset": 82764377, "blocked": true}, {"value": 91.2, "offset": 82801716, "blocked": false}, {"value": 102, "offset": 82803274, "blocked": true}, {"value": 86.3, "offset": 82829988, "blocked": false}, {"value": 98.2, "offset": 82831548, "blocked": true}, {"value": 88.3, "offset": 82900927, "blocked": false}, {"value": 100.2, "offset": 82902590, "blocked": true}, {"value": 88.8, "offset": 82904177, "blocked": true}, {"value": 87.3, "offset": 82916633, "blocked": false}, {"value": 97.8, "offset": 82918210, "blocked": true}, {"value": 87.5, "offset": 82941601, "blocked": false}, {"value": 97.4, "offset": 82943160, "blocked": true}, {"value": 97.5, "offset": 82944713, "blocked": false}, {"value": 85.2, "offset": 82946262, "blocked": true}, {"value": 86.1, "offset": 82973184, "blocked": false}, {"value": 96.1, "offset": 82974750, "blocked": true}, {"value": 88.9, "offset": 83003250, "blocked": false}, {"value": 108.6, "offset": 83004818, "blocked": true}, {"value": 92.7, "offset": 83006372, "blocked": true}, {"value": 96.5, "offset": 83009481, "blocked": false}, {"value": 114, "offset": 83011053, "blocked": true}, {"value": 110, "offset": 83015722, "blocked": false}, {"value": 92.6, "offset": 83017285, "blocked": true}, {"value": 94, "offset": 83018847, "blocked": false}, {"value": 111.4, "offset": 83020412, "blocked": true}, {"value": 99.3, "offset": 83021984, "blocked": true}, {"value": 95.8, "offset": 83025117, "blocked": false}, {"value": 84, "offset": 83026675, "blocked": true}, {"value": 94, "offset": 83043775, "blocked": false}, {"value": 84.2, "offset": 83045331, "blocked": true}, {"value": 93.2, "offset": 83085915, "blocked": false}, {"value": 82.8, "offset": 83087473, "blocked": true}, {"value": 76.1, "offset": 83126700, "blocked": false}, {"value": 66.5, "offset": 83128261, "blocked": true}, {"value": 64.7, "offset": 83164074, "blocked": false}, {"value": 56.8, "offset": 83165634, "blocked": true}, {"value": 66.3, "offset": 83226401, "blocked": false}, {"value": 74.2, "offset": 83227947, "blocked": true}, {"value": 74.3, "offset": 83350836, "blocked": false}, {"value": 94.7, "offset": 83352393, "blocked": true}, {"value": 96.5, "offset": 83353946, "blocked": false}, {"value": 108.1, "offset": 83355508, "blocked": true}, {"value": 110.3, "offset": 83358628, "blocked": false}, {"value": 145, "offset": 83360198, "blocked": true}, {"value": 134.1, "offset": 83368717, "blocked": false}, {"value": 95.1, "offset": 83370298, "blocked": true}, {"value": 75.9, "offset": 83371846, "blocked": true}, {"value": 75.7, "offset": 83373391, "blocked": false}, {"value": 91.1, "offset": 83374937, "blocked": true}, {"value": 104.1, "offset": 83376548, "blocked": true}, {"value": 106.9, "offset": 83378095, "blocked": false}, {"value": 119.2, "offset": 83379641, "blocked": true}, {"value": 110, "offset": 83400575, "blocked": false}, {"value": 87.6, "offset": 83402132, "blocked": true}, {"value": 76.7, "offset": 83403688, "blocked": true}, {"value": 75.5, "offset": 83537631, "blocked": false}, {"value": 95.1, "offset": 83539181, "blocked": true}, {"value": 75.6, "offset": 83540733, "blocked": true}, {"value": 96.6, "offset": 83542281, "blocked": true}, {"value": 115.2, "offset": 83543839, "blocked": true}, {"value": 112.9, "offset": 83588046, "blocked": false}, {"value": 107.5, "offset": 83589594, "blocked": true}, {"value": 113.5, "offset": 83596999, "blocked": false}, {"value": 108, "offset": 83597860, "blocked": true}, {"value": 115.2, "offset": 83627487, "blocked": false}, {"value": 131.4, "offset": 83629037, "blocked": true}, {"value": 114.6, "offset": 83630584, "blocked": true}, {"value": 116.1, "offset": 83639887, "blocked": false}, {"value": 104.4, "offset": 83641447, "blocked": true}, {"value": 113.3, "offset": 83693255, "blocked": false}, {"value": 129.9, "offset": 83694810, "blocked": true}, {"value": 126.1, "offset": 83701037, "blocked": false}, {"value": 111.7, "offset": 83702608, "blocked": true}, {"value": 107.7, "offset": 83705713, "blocked": false}, {"value": 119.8, "offset": 83707279, "blocked": true}, {"value": 109.9, "offset": 83724420, "blocked": false}, {"value": 124.7, "offset": 83725983, "blocked": true}, {"value": 114.2, "offset": 83736888, "blocked": false}, {"value": 130.3, "offset": 83738436, "blocked": true}, {"value": 124.9, "offset": 83740000, "blocked": false}, {"value": 112.1, "offset": 83741566, "blocked": true}, {"value": 126.9, "offset": 83743124, "blocked": true}, {"value": 118.3, "offset": 83754014, "blocked": false}, {"value": 104.6, "offset": 83755578, "blocked": true}, {"value": 108.3, "offset": 83772663, "blocked": false}, {"value": 121.3, "offset": 83774222, "blocked": true}, {"value": 104.5, "offset": 83786690, "blocked": false}, {"value": 116, "offset": 83788233, "blocked": true}, {"value": 104.3, "offset": 83797564, "blocked": false}, {"value": 120.6, "offset": 83799113, "blocked": true}, {"value": 121.1, "offset": 83800675, "blocked": false}, {"value": 108.4, "offset": 83802230, "blocked": true}, {"value": 108.3, "offset": 83803779, "blocked": false}, {"value": 119.7, "offset": 83805335, "blocked": true}, {"value": 104.6, "offset": 83806892, "blocked": true}, {"value": 104.4, "offset": 83808455, "blocked": false}, {"value": 118.9, "offset": 83810031, "blocked": true}, {"value": 120.8, "offset": 83813209, "blocked": false}, {"value": 104.2, "offset": 83814971, "blocked": true}, {"value": 106.1, "offset": 83838517, "blocked": false}, {"value": 124, "offset": 83840073, "blocked": true}, {"value": 106.4, "offset": 83874365, "blocked": false}, {"value": 118.5, "offset": 83875915, "blocked": true}, {"value": 116, "offset": 83888365, "blocked": false}, {"value": 101, "offset": 83889914, "blocked": true}, {"value": 108.1, "offset": 83969629, "blocked": false}, {"value": 120.1, "offset": 83971187, "blocked": true}, {"value": 105.6, "offset": 83972742, "blocked": true}, {"value": 104.3, "offset": 84122222, "blocked": false}, {"value": 118.7, "offset": 84123775, "blocked": true}, {"value": 113, "offset": 84125333, "blocked": true}, {"value": 103.6, "offset": 84179950, "blocked": false}, {"value": 117.6, "offset": 84181515, "blocked": true}, {"value": 103.8, "offset": 84220455, "blocked": false}, {"value": 120.7, "offset": 84222002, "blocked": true}, {"value": 100.2, "offset": 84242338, "blocked": false}, {"value": 113.3, "offset": 84243881, "blocked": true}, {"value": 108.8, "offset": 84251919, "blocked": false}, {"value": 97.7, "offset": 84253480, "blocked": true}, {"value": 108.1, "offset": 84290860, "blocked": false}, {"value": 119.8, "offset": 84292412, "blocked": true}, {"value": 107.7, "offset": 84293959, "blocked": true}, {"value": 103.4, "offset": 84376891, "blocked": false}, {"value": 88.4, "offset": 84378475, "blocked": true}, {"value": 76.4, "offset": 84380037, "blocked": true}, {"value": 77.9, "offset": 84384695, "blocked": false}, {"value": 95.5, "offset": 84386242, "blocked": true}, {"value": 106.7, "offset": 84387801, "blocked": true}, {"value": 101.1, "offset": 84406485, "blocked": false}, {"value": 109, "offset": 84410114, "blocked": true}, {"value": 106, "offset": 84411025, "blocked": false}, {"value": 124.6, "offset": 84411661, "blocked": true}, {"value": 99.1, "offset": 84413222, "blocked": true}, {"value": 118.2, "offset": 84414784, "blocked": true}, {"value": 119.3, "offset": 84416339, "blocked": false}, {"value": 106.5, "offset": 84417897, "blocked": true}, {"value": 99.2, "offset": 84425714, "blocked": false}, {"value": 109.9, "offset": 84427280, "blocked": true}, {"value": 108.2, "offset": 84459235, "blocked": false}, {"value": 124.4, "offset": 84460903, "blocked": true}, {"value": 111.3, "offset": 84462463, "blocked": true}, {"value": 99.7, "offset": 84464034, "blocked": true}, {"value": 112.1, "offset": 84465598, "blocked": true}, {"value": 112.8, "offset": 84470306, "blocked": false}, {"value": 100.9, "offset": 84471865, "blocked": true}, {"value": 106.2, "offset": 84490715, "blocked": false}, {"value": 116.9, "offset": 84492276, "blocked": true}, {"value": 104.6, "offset": 84493846, "blocked": true}, {"value": 107.8, "offset": 84528937, "blocked": false}, {"value": 86, "offset": 84530501, "blocked": true}, {"value": 76.4, "offset": 84532057, "blocked": true}, {"value": 78.6, "offset": 84536744, "blocked": false}, {"value": 101.2, "offset": 84538303, "blocked": true}, {"value": 105.7, "offset": 84555386, "blocked": false}, {"value": 121.2, "offset": 84556940, "blocked": true}, {"value": 107.9, "offset": 84558486, "blocked": true}, {"value": 103, "offset": 84619402, "blocked": false}, {"value": 118.6, "offset": 84620956, "blocked": true}, {"value": 103, "offset": 84622511, "blocked": true}, {"value": 105.2, "offset": 84688530, "blocked": false}, {"value": 115.9, "offset": 84690079, "blocked": true}, {"value": 98.8, "offset": 84781243, "blocked": false}, {"value": 110, "offset": 84782860, "blocked": true}, {"value": 102.9, "offset": 84950300, "blocked": false}, {"value": 82.7, "offset": 84951855, "blocked": true}, {"value": 86.5, "offset": 84953425, "blocked": false}, {"value": 96.5, "offset": 84954983, "blocked": true}, {"value": 94.5, "offset": 84976976, "blocked": false}, {"value": 112.9, "offset": 84978764, "blocked": true}, {"value": 108.3, "offset": 84980309, "blocked": false}, {"value": 95.5, "offset": 84981893, "blocked": true}, {"value": 101.4, "offset": 85002293, "blocked": false}, {"value": 90.4, "offset": 85003847, "blocked": true}, {"value": 89.5, "offset": 85555085, "blocked": false}, {"value": 100, "offset": 85556657, "blocked": true}, {"value": 92.2, "offset": 85564608, "blocked": false}, {"value": 102.9, "offset": 85566211, "blocked": true}, {"value": 94.4, "offset": 85788861, "blocked": false}, {"value": 106.1, "offset": 85790431, "blocked": true}, {"value": 95, "offset": 85791998, "blocked": true}, {"value": 91.8, "offset": 85876474, "blocked": false}, {"value": 105.2, "offset": 85878026, "blocked": true}, {"value": 92.6, "offset": 85879589, "blocked": true}, {"value": 93.4, "offset": 85893993, "blocked": false}, {"value": 104, "offset": 85895549, "blocked": true}, {"value": 101.9, "offset": 85898656, "blocked": false}, {"value": 91.3, "offset": 85900255, "blocked": true}, {"value": 91.6, "offset": 85970120, "blocked": false}, {"value": 101.1, "offset": 85971702, "blocked": true}, {"value": 90.8, "offset": 86020461, "blocked": false}, {"value": 105.6, "offset": 86022011, "blocked": true}, {"value": 91.6, "offset": 86023569, "blocked": true}, {"value": 89.7, "offset": 86056361, "blocked": false}, {"value": 100.3, "offset": 86057915, "blocked": true}, {"value": 89.4, "offset": 86149985, "blocked": false}, {"value": 98.5, "offset": 86151532, "blocked": true}, {"value": 89.3, "offset": 86176569, "blocked": false}, {"value": 102.8, "offset": 86178135, "blocked": true}, {"value": 99.1, "offset": 86185939, "blocked": false}, {"value": 109, "offset": 86187500, "blocked": true}, {"value": 86.8, "offset": 86189096, "blocked": true}, {"value": 94.5, "offset": 86399861, "blocked": false}]	69.1899999999999977	214.699999999999989
7	2	Televisor	[{"value": 94.1, "offset": 750, "blocked": true}, {"value": 95.4, "offset": 298948, "blocked": false}]	95.25	96.7000000000000028
8	3	AppleTv Apagado	[{"value": 8.3, "offset": 225, "blocked": true}, {"value": 7.4, "offset": 1839, "blocked": true}, {"value": 7.7, "offset": 6487, "blocked": false}, {"value": 6.5, "offset": 8037, "blocked": true}, {"value": 6.5, "offset": 11134, "blocked": false}, {"value": 7.6, "offset": 12683, "blocked": true}, {"value": 6.7, "offset": 14244, "blocked": true}, {"value": 6.6, "offset": 18913, "blocked": false}, {"value": 8.1, "offset": 20473, "blocked": true}, {"value": 6.6, "offset": 22027, "blocked": true}, {"value": 6.5, "offset": 28455, "blocked": false}, {"value": 7.8, "offset": 30016, "blocked": true}, {"value": 6.5, "offset": 31599, "blocked": true}, {"value": 6.6, "offset": 37796, "blocked": false}, {"value": 7.8, "offset": 39355, "blocked": true}, {"value": 6.5, "offset": 40908, "blocked": true}, {"value": 6.1, "offset": 63715, "blocked": false}, {"value": 0, "offset": 65269, "blocked": true}, {"value": 0, "offset": 66803, "blocked": false}, {"value": 6.1, "offset": 68426, "blocked": true}, {"value": 6.1, "offset": 71587, "blocked": false}, {"value": 8.3, "offset": 73138, "blocked": true}, {"value": 7.3, "offset": 74690, "blocked": true}, {"value": 6.8, "offset": 91783, "blocked": false}, {"value": 0, "offset": 93328, "blocked": true}, {"value": 6.2, "offset": 94888, "blocked": true}, {"value": 0, "offset": 96452, "blocked": true}, {"value": 6, "offset": 98002, "blocked": true}, {"value": 0, "offset": 99566, "blocked": true}, {"value": 0, "offset": 107284, "blocked": false}, {"value": 6.4, "offset": 108833, "blocked": true}, {"value": 9, "offset": 110382, "blocked": true}, {"value": 9.3, "offset": 111927, "blocked": false}, {"value": 7.8, "offset": 113471, "blocked": true}, {"value": 7.1, "offset": 118131, "blocked": false}, {"value": 6.7, "offset": 119687, "blocked": true}, {"value": 6.6, "offset": 129000, "blocked": false}, {"value": 8.6, "offset": 130574, "blocked": true}, {"value": 6.8, "offset": 132117, "blocked": true}, {"value": 6.8, "offset": 138457, "blocked": false}, {"value": 8.2, "offset": 139984, "blocked": true}, {"value": 6.7, "offset": 141578, "blocked": true}, {"value": 6.7, "offset": 147980, "blocked": false}, {"value": 8.6, "offset": 149558, "blocked": true}, {"value": 6.8, "offset": 151114, "blocked": true}, {"value": 6.6, "offset": 154211, "blocked": false}, {"value": 7, "offset": 155763, "blocked": true}, {"value": 6.8, "offset": 176570, "blocked": false}, {"value": 8.9, "offset": 178121, "blocked": true}, {"value": 6.8, "offset": 179718, "blocked": true}, {"value": 6.7, "offset": 206613, "blocked": false}, {"value": 7.5, "offset": 208165, "blocked": true}, {"value": 6.7, "offset": 209713, "blocked": true}, {"value": 6.6, "offset": 234670, "blocked": false}, {"value": 7.3, "offset": 236230, "blocked": true}, {"value": 6.2, "offset": 280172, "blocked": false}, {"value": 0, "offset": 281722, "blocked": true}, {"value": 6, "offset": 283276, "blocked": true}, {"value": 6.1, "offset": 292581, "blocked": false}, {"value": 0, "offset": 294177, "blocked": true}, {"value": 6.1, "offset": 295724, "blocked": true}, {"value": 6, "offset": 298823, "blocked": false}]	6.25	9.30000000000000071
9	4	Apple Tv	[{"value": 6.4, "offset": 1130, "blocked": true}, {"value": 6.5, "offset": 2676, "blocked": false}, {"value": 7.5, "offset": 4247, "blocked": true}, {"value": 7.2, "offset": 7345, "blocked": false}, {"value": 6.4, "offset": 8895, "blocked": true}, {"value": 7.3, "offset": 10449, "blocked": true}, {"value": 9, "offset": 12004, "blocked": true}, {"value": 8.8, "offset": 13555, "blocked": false}, {"value": 6.9, "offset": 15149, "blocked": true}, {"value": 6.6, "offset": 29301, "blocked": false}, {"value": 11.3, "offset": 30854, "blocked": true}, {"value": 13.6, "offset": 32415, "blocked": true}, {"value": 11.9, "offset": 33970, "blocked": true}, {"value": 8.4, "offset": 35522, "blocked": true}, {"value": 8.4, "offset": 38627, "blocked": false}, {"value": 7.1, "offset": 40176, "blocked": true}, {"value": 7.3, "offset": 41733, "blocked": false}, {"value": 6.5, "offset": 43284, "blocked": true}, {"value": 8.6, "offset": 44880, "blocked": true}, {"value": 7.4, "offset": 46577, "blocked": true}, {"value": 8.8, "offset": 48125, "blocked": true}, {"value": 6.5, "offset": 49679, "blocked": true}, {"value": 8.5, "offset": 51237, "blocked": true}, {"value": 8.7, "offset": 52795, "blocked": false}, {"value": 9.8, "offset": 54344, "blocked": true}, {"value": 12, "offset": 55913, "blocked": true}, {"value": 8.8, "offset": 57466, "blocked": true}, {"value": 7.6, "offset": 59022, "blocked": true}, {"value": 10, "offset": 60584, "blocked": true}, {"value": 9, "offset": 62148, "blocked": true}, {"value": 10.4, "offset": 63691, "blocked": true}, {"value": 10, "offset": 66796, "blocked": false}, {"value": 11.7, "offset": 68343, "blocked": true}, {"value": 9.6, "offset": 69899, "blocked": true}, {"value": 8.1, "offset": 71457, "blocked": true}, {"value": 8.9, "offset": 73034, "blocked": true}, {"value": 10.8, "offset": 74593, "blocked": true}, {"value": 10.2, "offset": 81092, "blocked": false}, {"value": 11.5, "offset": 82646, "blocked": true}, {"value": 11.5, "offset": 84195, "blocked": false}, {"value": 9.3, "offset": 85747, "blocked": true}, {"value": 10.6, "offset": 87306, "blocked": true}, {"value": 11.4, "offset": 90426, "blocked": false}, {"value": 9.7, "offset": 91980, "blocked": true}, {"value": 10.1, "offset": 93540, "blocked": false}, {"value": 8.4, "offset": 95088, "blocked": true}, {"value": 6.6, "offset": 96648, "blocked": true}, {"value": 6.5, "offset": 298681, "blocked": false}]	7.32000000000000028	13.5999999999999996
10	5	Cargador celular	[{"value": 6.1, "offset": 556, "blocked": true}, {"value": 6.2, "offset": 8314, "blocked": false}, {"value": 0, "offset": 9867, "blocked": true}, {"value": 0, "offset": 14483, "blocked": false}, {"value": 6.1, "offset": 16079, "blocked": true}, {"value": 6.1, "offset": 17865, "blocked": false}, {"value": 0, "offset": 19463, "blocked": true}, {"value": 0, "offset": 174891, "blocked": false}, {"value": 6.2, "offset": 176448, "blocked": true}, {"value": 0, "offset": 178004, "blocked": true}, {"value": 6.2, "offset": 179551, "blocked": true}, {"value": 0, "offset": 181100, "blocked": true}, {"value": 0, "offset": 184200, "blocked": false}, {"value": 6.1, "offset": 185752, "blocked": true}, {"value": 6.4, "offset": 190442, "blocked": false}, {"value": 0, "offset": 191993, "blocked": true}, {"value": 0, "offset": 193550, "blocked": false}, {"value": 6.1, "offset": 195114, "blocked": true}, {"value": 6.1, "offset": 196669, "blocked": false}, {"value": 0, "offset": 198234, "blocked": true}, {"value": 0, "offset": 202883, "blocked": false}, {"value": 6, "offset": 204439, "blocked": true}, {"value": 6, "offset": 207571, "blocked": false}, {"value": 0, "offset": 209128, "blocked": true}, {"value": 6, "offset": 210676, "blocked": true}, {"value": 0, "offset": 212232, "blocked": true}, {"value": 0, "offset": 224813, "blocked": false}, {"value": 6, "offset": 226370, "blocked": true}, {"value": 0, "offset": 227925, "blocked": true}, {"value": 6.3, "offset": 229464, "blocked": true}, {"value": 6.2, "offset": 231012, "blocked": false}, {"value": 0, "offset": 232569, "blocked": true}, {"value": 6.2, "offset": 234116, "blocked": true}, {"value": 6.2, "offset": 235661, "blocked": false}, {"value": 0, "offset": 237221, "blocked": true}, {"value": 0, "offset": 299637, "blocked": false}]	0.810000000000000053	6.40000000000000036
11	6	Cargador Computadora	[{"value": 96.4, "offset": 877, "blocked": true}, {"value": 89.5, "offset": 44652, "blocked": false}, {"value": 98.7, "offset": 46201, "blocked": true}, {"value": 96, "offset": 61950, "blocked": false}, {"value": 91.2, "offset": 63497, "blocked": true}, {"value": 85.9, "offset": 83911, "blocked": false}, {"value": 99.4, "offset": 85468, "blocked": true}, {"value": 87.5, "offset": 87016, "blocked": true}, {"value": 99.3, "offset": 88577, "blocked": true}, {"value": 86.8, "offset": 90125, "blocked": true}, {"value": 88.1, "offset": 93229, "blocked": false}, {"value": 103.1, "offset": 94786, "blocked": true}, {"value": 87.9, "offset": 135474, "blocked": false}, {"value": 98.7, "offset": 137023, "blocked": true}, {"value": 87, "offset": 138576, "blocked": true}, {"value": 88.8, "offset": 199309, "blocked": false}, {"value": 100.4, "offset": 200872, "blocked": true}, {"value": 90.2, "offset": 202425, "blocked": true}, {"value": 87.6, "offset": 246061, "blocked": false}, {"value": 99.5, "offset": 247612, "blocked": true}, {"value": 94.5, "offset": 249183, "blocked": true}, {"value": 91.7, "offset": 299153, "blocked": false}]	90.2900000000000063	103.099999999999994
12	7	Luz LED escritorio	[{"value": 17, "offset": 357, "blocked": true}, {"value": 16.9, "offset": 298645, "blocked": false}]	16.9499999999999993	17.1999999999999993
13	8	Estufa Electrica	[{"value": 1661.9, "offset": 733, "blocked": true}, {"value": 1664.1, "offset": 139604, "blocked": false}, {"value": 1362, "offset": 141161, "blocked": true}, {"value": 0, "offset": 142722, "blocked": true}, {"value": 0, "offset": 220728, "blocked": false}, {"value": 1675.9, "offset": 222284, "blocked": true}, {"value": 1660.1, "offset": 299042, "blocked": false}]	1216.66000000000008	1675.90000000000009
14	9	Televisor	[{"value": 124.7, "offset": 548, "blocked": true}, {"value": 128.2, "offset": 211274, "blocked": false}, {"value": 108.4, "offset": 212910, "blocked": true}, {"value": 127.5, "offset": 214498, "blocked": true}, {"value": 127.1, "offset": 299159, "blocked": false}]	129.969999999999999	133.800000000000011
15	10	Decodificador Tv	[{"value": 17.5, "offset": 1278, "blocked": true}, {"value": 17.4, "offset": 299785, "blocked": false}]	17.4400000000000013	17.6000000000000014
16	11	Velador1	[{"value": 28.2, "offset": 446, "blocked": true}, {"value": 27.8, "offset": 298821, "blocked": false}]	27.9499999999999993	28.3000000000000007
17	12	Velador2	[{"value": 9.5, "offset": 146, "blocked": true}, {"value": 9.5, "offset": 299071, "blocked": false}]	9.47000000000000064	9.59999999999999964
18	13	Luz de piedra de sal	[{"value": 12.4, "offset": 225, "blocked": true}, {"value": 12.4, "offset": 298566, "blocked": false}]	12.3499999999999996	12.4000000000000004
51	46	Tv Apagada	[{"value": 9.1, "offset": 387, "blocked": true}, {"value": 9.2, "offset": 274495, "blocked": false}, {"value": 10.4, "offset": 276051, "blocked": true}, {"value": 12.4, "offset": 277608, "blocked": true}, {"value": 12.3, "offset": 279160, "blocked": false}, {"value": 16.6, "offset": 280716, "blocked": true}, {"value": 15.5, "offset": 299382, "blocked": false}]	9.66000000000000014	16.6000000000000014
52	47	Televisor	[{"value": 43.7, "offset": 1061, "blocked": true}, {"value": 42.6, "offset": 122873, "blocked": false}, {"value": 49.4, "offset": 124575, "blocked": true}, {"value": 45.1, "offset": 204062, "blocked": false}, {"value": 50.7, "offset": 205607, "blocked": true}, {"value": 53.4, "offset": 222702, "blocked": false}, {"value": 45.2, "offset": 224260, "blocked": true}, {"value": 43.3, "offset": 230469, "blocked": false}, {"value": 50.1, "offset": 232028, "blocked": true}, {"value": 46.8, "offset": 299241, "blocked": false}]	45.7700000000000031	54.5
85	80	Playstation 4	[{"value": 88.9, "offset": 805, "blocked": true}, {"value": 93, "offset": 299098, "blocked": false}]	91.7199999999999989	93.2000000000000028
86	81	Playstation 4 Jugando juego	[{"value": 133.7, "offset": 835, "blocked": true}, {"value": 134.1, "offset": 8758, "blocked": false}]	133.889999999999986	134.099999999999994
87	82	Playstation 4 Jugando juego	[{"value": 133.8, "offset": 1563, "blocked": true}, {"value": 133.2, "offset": 3292, "blocked": false}, {"value": 149.9, "offset": 5049, "blocked": true}, {"value": 157.6, "offset": 11908, "blocked": false}, {"value": 132.4, "offset": 13534, "blocked": true}, {"value": 143.4, "offset": 146870, "blocked": false}, {"value": 136.3, "offset": 148428, "blocked": true}, {"value": 139.9, "offset": 298487, "blocked": false}]	138.189999999999998	157.599999999999994
88	83	Televisor	[{"value": 165.9, "offset": 1169, "blocked": true}, {"value": 163.6, "offset": 298620, "blocked": false}]	165.870000000000005	168.699999999999989
89	84	Router	[{"value": 22.5, "offset": 226, "blocked": true}, {"value": 22.4, "offset": 71613, "blocked": false}, {"value": 26.4, "offset": 73193, "blocked": true}, {"value": 23.6, "offset": 91997, "blocked": false}, {"value": 26, "offset": 93597, "blocked": true}, {"value": 26.7, "offset": 101419, "blocked": false}, {"value": 22.6, "offset": 102992, "blocked": true}, {"value": 26.1, "offset": 104543, "blocked": true}, {"value": 22.6, "offset": 145081, "blocked": false}, {"value": 26.5, "offset": 146851, "blocked": true}, {"value": 23.3, "offset": 148574, "blocked": true}, {"value": 22.4, "offset": 184475, "blocked": false}, {"value": 26.7, "offset": 186029, "blocked": true}, {"value": 22.9, "offset": 187583, "blocked": true}, {"value": 22.9, "offset": 189150, "blocked": false}, {"value": 27.4, "offset": 190731, "blocked": true}, {"value": 22.8, "offset": 192319, "blocked": true}, {"value": 23.7, "offset": 198602, "blocked": false}, {"value": 27.4, "offset": 200198, "blocked": true}, {"value": 27.6, "offset": 204902, "blocked": false}, {"value": 24.6, "offset": 206524, "blocked": true}, {"value": 28.2, "offset": 208500, "blocked": true}, {"value": 28.1, "offset": 212192, "blocked": false}, {"value": 23, "offset": 214211, "blocked": true}, {"value": 23.2, "offset": 217330, "blocked": false}, {"value": 28.2, "offset": 219219, "blocked": true}, {"value": 23.2, "offset": 221052, "blocked": true}, {"value": 27.3, "offset": 222598, "blocked": true}, {"value": 27, "offset": 231176, "blocked": false}, {"value": 23, "offset": 232735, "blocked": true}, {"value": 25.5, "offset": 234325, "blocked": true}, {"value": 27.2, "offset": 298693, "blocked": false}]	24.5799999999999983	28.1999999999999993
90	85	Deco Flow	[{"value": 28.6, "offset": 1173, "blocked": true}, {"value": 28.9, "offset": 299536, "blocked": false}]	28.5500000000000007	29.1999999999999993
91	86	Televisor	[{"value": 94.1, "offset": 750, "blocked": true}, {"value": 95.4, "offset": 298948, "blocked": false}]	95.25	96.7000000000000028
92	86	AppleTv Apagado	[{"value": 8.3, "offset": 225, "blocked": true}, {"value": 7.4, "offset": 1839, "blocked": true}, {"value": 7.7, "offset": 6487, "blocked": false}, {"value": 6.5, "offset": 8037, "blocked": true}, {"value": 6.5, "offset": 11134, "blocked": false}, {"value": 7.6, "offset": 12683, "blocked": true}, {"value": 6.7, "offset": 14244, "blocked": true}, {"value": 6.6, "offset": 18913, "blocked": false}, {"value": 8.1, "offset": 20473, "blocked": true}, {"value": 6.6, "offset": 22027, "blocked": true}, {"value": 6.5, "offset": 28455, "blocked": false}, {"value": 7.8, "offset": 30016, "blocked": true}, {"value": 6.5, "offset": 31599, "blocked": true}, {"value": 6.6, "offset": 37796, "blocked": false}, {"value": 7.8, "offset": 39355, "blocked": true}, {"value": 6.5, "offset": 40908, "blocked": true}, {"value": 6.1, "offset": 63715, "blocked": false}, {"value": 0, "offset": 65269, "blocked": true}, {"value": 0, "offset": 66803, "blocked": false}, {"value": 6.1, "offset": 68426, "blocked": true}, {"value": 6.1, "offset": 71587, "blocked": false}, {"value": 8.3, "offset": 73138, "blocked": true}, {"value": 7.3, "offset": 74690, "blocked": true}, {"value": 6.8, "offset": 91783, "blocked": false}, {"value": 0, "offset": 93328, "blocked": true}, {"value": 6.2, "offset": 94888, "blocked": true}, {"value": 0, "offset": 96452, "blocked": true}, {"value": 6, "offset": 98002, "blocked": true}, {"value": 0, "offset": 99566, "blocked": true}, {"value": 0, "offset": 107284, "blocked": false}, {"value": 6.4, "offset": 108833, "blocked": true}, {"value": 9, "offset": 110382, "blocked": true}, {"value": 9.3, "offset": 111927, "blocked": false}, {"value": 7.8, "offset": 113471, "blocked": true}, {"value": 7.1, "offset": 118131, "blocked": false}, {"value": 6.7, "offset": 119687, "blocked": true}, {"value": 6.6, "offset": 129000, "blocked": false}, {"value": 8.6, "offset": 130574, "blocked": true}, {"value": 6.8, "offset": 132117, "blocked": true}, {"value": 6.8, "offset": 138457, "blocked": false}, {"value": 8.2, "offset": 139984, "blocked": true}, {"value": 6.7, "offset": 141578, "blocked": true}, {"value": 6.7, "offset": 147980, "blocked": false}, {"value": 8.6, "offset": 149558, "blocked": true}, {"value": 6.8, "offset": 151114, "blocked": true}, {"value": 6.6, "offset": 154211, "blocked": false}, {"value": 7, "offset": 155763, "blocked": true}, {"value": 6.8, "offset": 176570, "blocked": false}, {"value": 8.9, "offset": 178121, "blocked": true}, {"value": 6.8, "offset": 179718, "blocked": true}, {"value": 6.7, "offset": 206613, "blocked": false}, {"value": 7.5, "offset": 208165, "blocked": true}, {"value": 6.7, "offset": 209713, "blocked": true}, {"value": 6.6, "offset": 234670, "blocked": false}, {"value": 7.3, "offset": 236230, "blocked": true}, {"value": 6.2, "offset": 280172, "blocked": false}, {"value": 0, "offset": 281722, "blocked": true}, {"value": 6, "offset": 283276, "blocked": true}, {"value": 6.1, "offset": 292581, "blocked": false}, {"value": 0, "offset": 294177, "blocked": true}, {"value": 6.1, "offset": 295724, "blocked": true}, {"value": 6, "offset": 298823, "blocked": false}]	6.25	9.30000000000000071
93	86	Apple Tv	[{"value": 6.4, "offset": 1130, "blocked": true}, {"value": 6.5, "offset": 2676, "blocked": false}, {"value": 7.5, "offset": 4247, "blocked": true}, {"value": 7.2, "offset": 7345, "blocked": false}, {"value": 6.4, "offset": 8895, "blocked": true}, {"value": 7.3, "offset": 10449, "blocked": true}, {"value": 9, "offset": 12004, "blocked": true}, {"value": 8.8, "offset": 13555, "blocked": false}, {"value": 6.9, "offset": 15149, "blocked": true}, {"value": 6.6, "offset": 29301, "blocked": false}, {"value": 11.3, "offset": 30854, "blocked": true}, {"value": 13.6, "offset": 32415, "blocked": true}, {"value": 11.9, "offset": 33970, "blocked": true}, {"value": 8.4, "offset": 35522, "blocked": true}, {"value": 8.4, "offset": 38627, "blocked": false}, {"value": 7.1, "offset": 40176, "blocked": true}, {"value": 7.3, "offset": 41733, "blocked": false}, {"value": 6.5, "offset": 43284, "blocked": true}, {"value": 8.6, "offset": 44880, "blocked": true}, {"value": 7.4, "offset": 46577, "blocked": true}, {"value": 8.8, "offset": 48125, "blocked": true}, {"value": 6.5, "offset": 49679, "blocked": true}, {"value": 8.5, "offset": 51237, "blocked": true}, {"value": 8.7, "offset": 52795, "blocked": false}, {"value": 9.8, "offset": 54344, "blocked": true}, {"value": 12, "offset": 55913, "blocked": true}, {"value": 8.8, "offset": 57466, "blocked": true}, {"value": 7.6, "offset": 59022, "blocked": true}, {"value": 10, "offset": 60584, "blocked": true}, {"value": 9, "offset": 62148, "blocked": true}, {"value": 10.4, "offset": 63691, "blocked": true}, {"value": 10, "offset": 66796, "blocked": false}, {"value": 11.7, "offset": 68343, "blocked": true}, {"value": 9.6, "offset": 69899, "blocked": true}, {"value": 8.1, "offset": 71457, "blocked": true}, {"value": 8.9, "offset": 73034, "blocked": true}, {"value": 10.8, "offset": 74593, "blocked": true}, {"value": 10.2, "offset": 81092, "blocked": false}, {"value": 11.5, "offset": 82646, "blocked": true}, {"value": 11.5, "offset": 84195, "blocked": false}, {"value": 9.3, "offset": 85747, "blocked": true}, {"value": 10.6, "offset": 87306, "blocked": true}, {"value": 11.4, "offset": 90426, "blocked": false}, {"value": 9.7, "offset": 91980, "blocked": true}, {"value": 10.1, "offset": 93540, "blocked": false}, {"value": 8.4, "offset": 95088, "blocked": true}, {"value": 6.6, "offset": 96648, "blocked": true}, {"value": 6.5, "offset": 298681, "blocked": false}]	7.32000000000000028	13.5999999999999996
94	86	Cargador celular	[{"value": 6.1, "offset": 556, "blocked": true}, {"value": 6.2, "offset": 8314, "blocked": false}, {"value": 0, "offset": 9867, "blocked": true}, {"value": 0, "offset": 14483, "blocked": false}, {"value": 6.1, "offset": 16079, "blocked": true}, {"value": 6.1, "offset": 17865, "blocked": false}, {"value": 0, "offset": 19463, "blocked": true}, {"value": 0, "offset": 174891, "blocked": false}, {"value": 6.2, "offset": 176448, "blocked": true}, {"value": 0, "offset": 178004, "blocked": true}, {"value": 6.2, "offset": 179551, "blocked": true}, {"value": 0, "offset": 181100, "blocked": true}, {"value": 0, "offset": 184200, "blocked": false}, {"value": 6.1, "offset": 185752, "blocked": true}, {"value": 6.4, "offset": 190442, "blocked": false}, {"value": 0, "offset": 191993, "blocked": true}, {"value": 0, "offset": 193550, "blocked": false}, {"value": 6.1, "offset": 195114, "blocked": true}, {"value": 6.1, "offset": 196669, "blocked": false}, {"value": 0, "offset": 198234, "blocked": true}, {"value": 0, "offset": 202883, "blocked": false}, {"value": 6, "offset": 204439, "blocked": true}, {"value": 6, "offset": 207571, "blocked": false}, {"value": 0, "offset": 209128, "blocked": true}, {"value": 6, "offset": 210676, "blocked": true}, {"value": 0, "offset": 212232, "blocked": true}, {"value": 0, "offset": 224813, "blocked": false}, {"value": 6, "offset": 226370, "blocked": true}, {"value": 0, "offset": 227925, "blocked": true}, {"value": 6.3, "offset": 229464, "blocked": true}, {"value": 6.2, "offset": 231012, "blocked": false}, {"value": 0, "offset": 232569, "blocked": true}, {"value": 6.2, "offset": 234116, "blocked": true}, {"value": 6.2, "offset": 235661, "blocked": false}, {"value": 0, "offset": 237221, "blocked": true}, {"value": 0, "offset": 299637, "blocked": false}]	0.810000000000000053	6.40000000000000036
108	88	Luz de piedra de sal	[{"value": 12.4, "offset": 225, "blocked": true}, {"value": 12.4, "offset": 298566, "blocked": false}]	12.3499999999999996	12.4000000000000004
109	89	Tv Apagada	[{"value": 9.1, "offset": 387, "blocked": true}, {"value": 9.2, "offset": 274495, "blocked": false}, {"value": 10.4, "offset": 276051, "blocked": true}, {"value": 12.4, "offset": 277608, "blocked": true}, {"value": 12.3, "offset": 279160, "blocked": false}, {"value": 16.6, "offset": 280716, "blocked": true}, {"value": 15.5, "offset": 299382, "blocked": false}]	9.66000000000000014	16.6000000000000014
95	86	Cargador Computadora	[{"value": 96.4, "offset": 877, "blocked": true}, {"value": 89.5, "offset": 44652, "blocked": false}, {"value": 98.7, "offset": 46201, "blocked": true}, {"value": 96, "offset": 61950, "blocked": false}, {"value": 91.2, "offset": 63497, "blocked": true}, {"value": 85.9, "offset": 83911, "blocked": false}, {"value": 99.4, "offset": 85468, "blocked": true}, {"value": 87.5, "offset": 87016, "blocked": true}, {"value": 99.3, "offset": 88577, "blocked": true}, {"value": 86.8, "offset": 90125, "blocked": true}, {"value": 88.1, "offset": 93229, "blocked": false}, {"value": 103.1, "offset": 94786, "blocked": true}, {"value": 87.9, "offset": 135474, "blocked": false}, {"value": 98.7, "offset": 137023, "blocked": true}, {"value": 87, "offset": 138576, "blocked": true}, {"value": 88.8, "offset": 199309, "blocked": false}, {"value": 100.4, "offset": 200872, "blocked": true}, {"value": 90.2, "offset": 202425, "blocked": true}, {"value": 87.6, "offset": 246061, "blocked": false}, {"value": 99.5, "offset": 247612, "blocked": true}, {"value": 94.5, "offset": 249183, "blocked": true}, {"value": 91.7, "offset": 299153, "blocked": false}]	90.2900000000000063	103.099999999999994
96	86	Luz LED escritorio	[{"value": 17, "offset": 357, "blocked": true}, {"value": 16.9, "offset": 298645, "blocked": false}]	16.9499999999999993	17.1999999999999993
97	86	Estufa Electrica	[{"value": 1661.9, "offset": 733, "blocked": true}, {"value": 1664.1, "offset": 139604, "blocked": false}, {"value": 1362, "offset": 141161, "blocked": true}, {"value": 0, "offset": 142722, "blocked": true}, {"value": 0, "offset": 220728, "blocked": false}, {"value": 1675.9, "offset": 222284, "blocked": true}, {"value": 1660.1, "offset": 299042, "blocked": false}]	1216.66000000000008	1675.90000000000009
98	87	Televisor	[{"value": 94.1, "offset": 750, "blocked": true}, {"value": 95.4, "offset": 298948, "blocked": false}]	95.25	96.7000000000000028
99	87	AppleTv Apagado	[{"value": 8.3, "offset": 225, "blocked": true}, {"value": 7.4, "offset": 1839, "blocked": true}, {"value": 7.7, "offset": 6487, "blocked": false}, {"value": 6.5, "offset": 8037, "blocked": true}, {"value": 6.5, "offset": 11134, "blocked": false}, {"value": 7.6, "offset": 12683, "blocked": true}, {"value": 6.7, "offset": 14244, "blocked": true}, {"value": 6.6, "offset": 18913, "blocked": false}, {"value": 8.1, "offset": 20473, "blocked": true}, {"value": 6.6, "offset": 22027, "blocked": true}, {"value": 6.5, "offset": 28455, "blocked": false}, {"value": 7.8, "offset": 30016, "blocked": true}, {"value": 6.5, "offset": 31599, "blocked": true}, {"value": 6.6, "offset": 37796, "blocked": false}, {"value": 7.8, "offset": 39355, "blocked": true}, {"value": 6.5, "offset": 40908, "blocked": true}, {"value": 6.1, "offset": 63715, "blocked": false}, {"value": 0, "offset": 65269, "blocked": true}, {"value": 0, "offset": 66803, "blocked": false}, {"value": 6.1, "offset": 68426, "blocked": true}, {"value": 6.1, "offset": 71587, "blocked": false}, {"value": 8.3, "offset": 73138, "blocked": true}, {"value": 7.3, "offset": 74690, "blocked": true}, {"value": 6.8, "offset": 91783, "blocked": false}, {"value": 0, "offset": 93328, "blocked": true}, {"value": 6.2, "offset": 94888, "blocked": true}, {"value": 0, "offset": 96452, "blocked": true}, {"value": 6, "offset": 98002, "blocked": true}, {"value": 0, "offset": 99566, "blocked": true}, {"value": 0, "offset": 107284, "blocked": false}, {"value": 6.4, "offset": 108833, "blocked": true}, {"value": 9, "offset": 110382, "blocked": true}, {"value": 9.3, "offset": 111927, "blocked": false}, {"value": 7.8, "offset": 113471, "blocked": true}, {"value": 7.1, "offset": 118131, "blocked": false}, {"value": 6.7, "offset": 119687, "blocked": true}, {"value": 6.6, "offset": 129000, "blocked": false}, {"value": 8.6, "offset": 130574, "blocked": true}, {"value": 6.8, "offset": 132117, "blocked": true}, {"value": 6.8, "offset": 138457, "blocked": false}, {"value": 8.2, "offset": 139984, "blocked": true}, {"value": 6.7, "offset": 141578, "blocked": true}, {"value": 6.7, "offset": 147980, "blocked": false}, {"value": 8.6, "offset": 149558, "blocked": true}, {"value": 6.8, "offset": 151114, "blocked": true}, {"value": 6.6, "offset": 154211, "blocked": false}, {"value": 7, "offset": 155763, "blocked": true}, {"value": 6.8, "offset": 176570, "blocked": false}, {"value": 8.9, "offset": 178121, "blocked": true}, {"value": 6.8, "offset": 179718, "blocked": true}, {"value": 6.7, "offset": 206613, "blocked": false}, {"value": 7.5, "offset": 208165, "blocked": true}, {"value": 6.7, "offset": 209713, "blocked": true}, {"value": 6.6, "offset": 234670, "blocked": false}, {"value": 7.3, "offset": 236230, "blocked": true}, {"value": 6.2, "offset": 280172, "blocked": false}, {"value": 0, "offset": 281722, "blocked": true}, {"value": 6, "offset": 283276, "blocked": true}, {"value": 6.1, "offset": 292581, "blocked": false}, {"value": 0, "offset": 294177, "blocked": true}, {"value": 6.1, "offset": 295724, "blocked": true}, {"value": 6, "offset": 298823, "blocked": false}]	6.25	9.30000000000000071
100	87	Apple Tv	[{"value": 6.4, "offset": 1130, "blocked": true}, {"value": 6.5, "offset": 2676, "blocked": false}, {"value": 7.5, "offset": 4247, "blocked": true}, {"value": 7.2, "offset": 7345, "blocked": false}, {"value": 6.4, "offset": 8895, "blocked": true}, {"value": 7.3, "offset": 10449, "blocked": true}, {"value": 9, "offset": 12004, "blocked": true}, {"value": 8.8, "offset": 13555, "blocked": false}, {"value": 6.9, "offset": 15149, "blocked": true}, {"value": 6.6, "offset": 29301, "blocked": false}, {"value": 11.3, "offset": 30854, "blocked": true}, {"value": 13.6, "offset": 32415, "blocked": true}, {"value": 11.9, "offset": 33970, "blocked": true}, {"value": 8.4, "offset": 35522, "blocked": true}, {"value": 8.4, "offset": 38627, "blocked": false}, {"value": 7.1, "offset": 40176, "blocked": true}, {"value": 7.3, "offset": 41733, "blocked": false}, {"value": 6.5, "offset": 43284, "blocked": true}, {"value": 8.6, "offset": 44880, "blocked": true}, {"value": 7.4, "offset": 46577, "blocked": true}, {"value": 8.8, "offset": 48125, "blocked": true}, {"value": 6.5, "offset": 49679, "blocked": true}, {"value": 8.5, "offset": 51237, "blocked": true}, {"value": 8.7, "offset": 52795, "blocked": false}, {"value": 9.8, "offset": 54344, "blocked": true}, {"value": 12, "offset": 55913, "blocked": true}, {"value": 8.8, "offset": 57466, "blocked": true}, {"value": 7.6, "offset": 59022, "blocked": true}, {"value": 10, "offset": 60584, "blocked": true}, {"value": 9, "offset": 62148, "blocked": true}, {"value": 10.4, "offset": 63691, "blocked": true}, {"value": 10, "offset": 66796, "blocked": false}, {"value": 11.7, "offset": 68343, "blocked": true}, {"value": 9.6, "offset": 69899, "blocked": true}, {"value": 8.1, "offset": 71457, "blocked": true}, {"value": 8.9, "offset": 73034, "blocked": true}, {"value": 10.8, "offset": 74593, "blocked": true}, {"value": 10.2, "offset": 81092, "blocked": false}, {"value": 11.5, "offset": 82646, "blocked": true}, {"value": 11.5, "offset": 84195, "blocked": false}, {"value": 9.3, "offset": 85747, "blocked": true}, {"value": 10.6, "offset": 87306, "blocked": true}, {"value": 11.4, "offset": 90426, "blocked": false}, {"value": 9.7, "offset": 91980, "blocked": true}, {"value": 10.1, "offset": 93540, "blocked": false}, {"value": 8.4, "offset": 95088, "blocked": true}, {"value": 6.6, "offset": 96648, "blocked": true}, {"value": 6.5, "offset": 298681, "blocked": false}]	7.32000000000000028	13.5999999999999996
101	87	Cargador celular	[{"value": 6.1, "offset": 556, "blocked": true}, {"value": 6.2, "offset": 8314, "blocked": false}, {"value": 0, "offset": 9867, "blocked": true}, {"value": 0, "offset": 14483, "blocked": false}, {"value": 6.1, "offset": 16079, "blocked": true}, {"value": 6.1, "offset": 17865, "blocked": false}, {"value": 0, "offset": 19463, "blocked": true}, {"value": 0, "offset": 174891, "blocked": false}, {"value": 6.2, "offset": 176448, "blocked": true}, {"value": 0, "offset": 178004, "blocked": true}, {"value": 6.2, "offset": 179551, "blocked": true}, {"value": 0, "offset": 181100, "blocked": true}, {"value": 0, "offset": 184200, "blocked": false}, {"value": 6.1, "offset": 185752, "blocked": true}, {"value": 6.4, "offset": 190442, "blocked": false}, {"value": 0, "offset": 191993, "blocked": true}, {"value": 0, "offset": 193550, "blocked": false}, {"value": 6.1, "offset": 195114, "blocked": true}, {"value": 6.1, "offset": 196669, "blocked": false}, {"value": 0, "offset": 198234, "blocked": true}, {"value": 0, "offset": 202883, "blocked": false}, {"value": 6, "offset": 204439, "blocked": true}, {"value": 6, "offset": 207571, "blocked": false}, {"value": 0, "offset": 209128, "blocked": true}, {"value": 6, "offset": 210676, "blocked": true}, {"value": 0, "offset": 212232, "blocked": true}, {"value": 0, "offset": 224813, "blocked": false}, {"value": 6, "offset": 226370, "blocked": true}, {"value": 0, "offset": 227925, "blocked": true}, {"value": 6.3, "offset": 229464, "blocked": true}, {"value": 6.2, "offset": 231012, "blocked": false}, {"value": 0, "offset": 232569, "blocked": true}, {"value": 6.2, "offset": 234116, "blocked": true}, {"value": 6.2, "offset": 235661, "blocked": false}, {"value": 0, "offset": 237221, "blocked": true}, {"value": 0, "offset": 299637, "blocked": false}]	0.810000000000000053	6.40000000000000036
102	87	Cargador Computadora	[{"value": 96.4, "offset": 877, "blocked": true}, {"value": 89.5, "offset": 44652, "blocked": false}, {"value": 98.7, "offset": 46201, "blocked": true}, {"value": 96, "offset": 61950, "blocked": false}, {"value": 91.2, "offset": 63497, "blocked": true}, {"value": 85.9, "offset": 83911, "blocked": false}, {"value": 99.4, "offset": 85468, "blocked": true}, {"value": 87.5, "offset": 87016, "blocked": true}, {"value": 99.3, "offset": 88577, "blocked": true}, {"value": 86.8, "offset": 90125, "blocked": true}, {"value": 88.1, "offset": 93229, "blocked": false}, {"value": 103.1, "offset": 94786, "blocked": true}, {"value": 87.9, "offset": 135474, "blocked": false}, {"value": 98.7, "offset": 137023, "blocked": true}, {"value": 87, "offset": 138576, "blocked": true}, {"value": 88.8, "offset": 199309, "blocked": false}, {"value": 100.4, "offset": 200872, "blocked": true}, {"value": 90.2, "offset": 202425, "blocked": true}, {"value": 87.6, "offset": 246061, "blocked": false}, {"value": 99.5, "offset": 247612, "blocked": true}, {"value": 94.5, "offset": 249183, "blocked": true}, {"value": 91.7, "offset": 299153, "blocked": false}]	90.2900000000000063	103.099999999999994
103	87	Luz LED escritorio	[{"value": 17, "offset": 357, "blocked": true}, {"value": 16.9, "offset": 298645, "blocked": false}]	16.9499999999999993	17.1999999999999993
104	88	Televisor	[{"value": 124.7, "offset": 548, "blocked": true}, {"value": 128.2, "offset": 211274, "blocked": false}, {"value": 108.4, "offset": 212910, "blocked": true}, {"value": 127.5, "offset": 214498, "blocked": true}, {"value": 127.1, "offset": 299159, "blocked": false}]	129.969999999999999	133.800000000000011
105	88	Decodificador Tv	[{"value": 17.5, "offset": 1278, "blocked": true}, {"value": 17.4, "offset": 299785, "blocked": false}]	17.4400000000000013	17.6000000000000014
106	88	Velador1	[{"value": 28.2, "offset": 446, "blocked": true}, {"value": 27.8, "offset": 298821, "blocked": false}]	27.9499999999999993	28.3000000000000007
107	88	Velador2	[{"value": 9.5, "offset": 146, "blocked": true}, {"value": 9.5, "offset": 299071, "blocked": false}]	9.47000000000000064	9.59999999999999964
110	89	Televisor	[{"value": 43.7, "offset": 1061, "blocked": true}, {"value": 42.6, "offset": 122873, "blocked": false}, {"value": 49.4, "offset": 124575, "blocked": true}, {"value": 45.1, "offset": 204062, "blocked": false}, {"value": 50.7, "offset": 205607, "blocked": true}, {"value": 53.4, "offset": 222702, "blocked": false}, {"value": 45.2, "offset": 224260, "blocked": true}, {"value": 43.3, "offset": 230469, "blocked": false}, {"value": 50.1, "offset": 232028, "blocked": true}, {"value": 46.8, "offset": 299241, "blocked": false}]	45.7700000000000031	54.5
112	90	Televisor	[{"value": 43.7, "offset": 1061, "blocked": true}, {"value": 42.6, "offset": 122873, "blocked": false}, {"value": 49.4, "offset": 124575, "blocked": true}, {"value": 45.1, "offset": 204062, "blocked": false}, {"value": 50.7, "offset": 205607, "blocked": true}, {"value": 53.4, "offset": 222702, "blocked": false}, {"value": 45.2, "offset": 224260, "blocked": true}, {"value": 43.3, "offset": 230469, "blocked": false}, {"value": 50.1, "offset": 232028, "blocked": true}, {"value": 46.8, "offset": 299241, "blocked": false}]	45.7700000000000031	54.5
111	90	Tv Apagada	[{"value": 9.1, "offset": 387, "blocked": true}, {"value": 9.2, "offset": 274495, "blocked": false}, {"value": 10.4, "offset": 276051, "blocked": true}, {"value": 12.4, "offset": 277608, "blocked": true}, {"value": 12.3, "offset": 279160, "blocked": false}, {"value": 16.6, "offset": 280716, "blocked": true}, {"value": 15.5, "offset": 299382, "blocked": false}]	9.66000000000000014	16.6000000000000014
113	91	Tv Apagada	[{"value": 9.1, "offset": 387, "blocked": true}, {"value": 9.2, "offset": 274495, "blocked": false}, {"value": 10.4, "offset": 276051, "blocked": true}, {"value": 12.4, "offset": 277608, "blocked": true}, {"value": 12.3, "offset": 279160, "blocked": false}, {"value": 16.6, "offset": 280716, "blocked": true}, {"value": 15.5, "offset": 299382, "blocked": false}]	9.66000000000000014	16.6000000000000014
114	91	Televisor	[{"value": 43.7, "offset": 1061, "blocked": true}, {"value": 42.6, "offset": 122873, "blocked": false}, {"value": 49.4, "offset": 124575, "blocked": true}, {"value": 45.1, "offset": 204062, "blocked": false}, {"value": 50.7, "offset": 205607, "blocked": true}, {"value": 53.4, "offset": 222702, "blocked": false}, {"value": 45.2, "offset": 224260, "blocked": true}, {"value": 43.3, "offset": 230469, "blocked": false}, {"value": 50.1, "offset": 232028, "blocked": true}, {"value": 46.8, "offset": 299241, "blocked": false}]	45.7700000000000031	54.5
115	92	Playstation 4	[{"value": 88.9, "offset": 805, "blocked": true}, {"value": 93, "offset": 299098, "blocked": false}]	91.7199999999999989	93.2000000000000028
116	92	Playstation 4 Jugando juego	[{"value": 133.8, "offset": 1563, "blocked": true}, {"value": 133.2, "offset": 3292, "blocked": false}, {"value": 149.9, "offset": 5049, "blocked": true}, {"value": 157.6, "offset": 11908, "blocked": false}, {"value": 132.4, "offset": 13534, "blocked": true}, {"value": 143.4, "offset": 146870, "blocked": false}, {"value": 136.3, "offset": 148428, "blocked": true}, {"value": 139.9, "offset": 298487, "blocked": false}]	138.189999999999998	157.599999999999994
117	92	Televisor	[{"value": 165.9, "offset": 1169, "blocked": true}, {"value": 163.6, "offset": 298620, "blocked": false}]	165.870000000000005	168.699999999999989
118	92	Router	[{"value": 22.5, "offset": 226, "blocked": true}, {"value": 22.4, "offset": 71613, "blocked": false}, {"value": 26.4, "offset": 73193, "blocked": true}, {"value": 23.6, "offset": 91997, "blocked": false}, {"value": 26, "offset": 93597, "blocked": true}, {"value": 26.7, "offset": 101419, "blocked": false}, {"value": 22.6, "offset": 102992, "blocked": true}, {"value": 26.1, "offset": 104543, "blocked": true}, {"value": 22.6, "offset": 145081, "blocked": false}, {"value": 26.5, "offset": 146851, "blocked": true}, {"value": 23.3, "offset": 148574, "blocked": true}, {"value": 22.4, "offset": 184475, "blocked": false}, {"value": 26.7, "offset": 186029, "blocked": true}, {"value": 22.9, "offset": 187583, "blocked": true}, {"value": 22.9, "offset": 189150, "blocked": false}, {"value": 27.4, "offset": 190731, "blocked": true}, {"value": 22.8, "offset": 192319, "blocked": true}, {"value": 23.7, "offset": 198602, "blocked": false}, {"value": 27.4, "offset": 200198, "blocked": true}, {"value": 27.6, "offset": 204902, "blocked": false}, {"value": 24.6, "offset": 206524, "blocked": true}, {"value": 28.2, "offset": 208500, "blocked": true}, {"value": 28.1, "offset": 212192, "blocked": false}, {"value": 23, "offset": 214211, "blocked": true}, {"value": 23.2, "offset": 217330, "blocked": false}, {"value": 28.2, "offset": 219219, "blocked": true}, {"value": 23.2, "offset": 221052, "blocked": true}, {"value": 27.3, "offset": 222598, "blocked": true}, {"value": 27, "offset": 231176, "blocked": false}, {"value": 23, "offset": 232735, "blocked": true}, {"value": 25.5, "offset": 234325, "blocked": true}, {"value": 27.2, "offset": 298693, "blocked": false}]	24.5799999999999983	28.1999999999999993
119	92	Deco Flow	[{"value": 28.6, "offset": 1173, "blocked": true}, {"value": 28.9, "offset": 299536, "blocked": false}]	28.5500000000000007	29.1999999999999993
120	93	Compu	[{"value": 51.5, "offset": 1277, "blocked": true}, {"value": 53.4, "offset": 45265, "blocked": false}, {"value": 74.1, "offset": 46831, "blocked": true}, {"value": 83.5, "offset": 98937, "blocked": false}, {"value": 94.6, "offset": 100517, "blocked": true}, {"value": 91.8, "offset": 105263, "blocked": false}, {"value": 82.3, "offset": 106864, "blocked": true}, {"value": 91, "offset": 108457, "blocked": true}, {"value": 90.9, "offset": 110017, "blocked": false}, {"value": 77.8, "offset": 111591, "blocked": true}, {"value": 86.9, "offset": 113155, "blocked": true}, {"value": 78.3, "offset": 119428, "blocked": false}, {"value": 86.6, "offset": 120994, "blocked": true}, {"value": 87.4, "offset": 122580, "blocked": false}, {"value": 74.6, "offset": 124145, "blocked": true}, {"value": 84.3, "offset": 125714, "blocked": true}, {"value": 87.4, "offset": 148256, "blocked": false}, {"value": 73.1, "offset": 149838, "blocked": true}, {"value": 73, "offset": 151398, "blocked": false}, {"value": 63.9, "offset": 153196, "blocked": true}, {"value": 71, "offset": 157926, "blocked": false}, {"value": 56.3, "offset": 159502, "blocked": true}, {"value": 69.4, "offset": 161181, "blocked": true}, {"value": 70.6, "offset": 167661, "blocked": false}, {"value": 61.9, "offset": 169232, "blocked": true}, {"value": 58.9, "offset": 170782, "blocked": true}, {"value": 79, "offset": 172362, "blocked": true}, {"value": 78.6, "offset": 175477, "blocked": false}, {"value": 62, "offset": 177038, "blocked": true}, {"value": 53.5, "offset": 178623, "blocked": true}, {"value": 61.8, "offset": 180187, "blocked": true}, {"value": 82.6, "offset": 181762, "blocked": true}, {"value": 88.9, "offset": 194468, "blocked": false}, {"value": 68, "offset": 196039, "blocked": true}, {"value": 71.1, "offset": 197599, "blocked": false}, {"value": 67.6, "offset": 199200, "blocked": true}, {"value": 76.3, "offset": 200841, "blocked": true}, {"value": 70.3, "offset": 203969, "blocked": false}, {"value": 78.7, "offset": 205534, "blocked": true}, {"value": 67.1, "offset": 207189, "blocked": true}, {"value": 71.4, "offset": 213833, "blocked": false}, {"value": 64, "offset": 215414, "blocked": true}, {"value": 64.3, "offset": 220385, "blocked": false}, {"value": 56.4, "offset": 221956, "blocked": true}, {"value": 56.7, "offset": 223516, "blocked": false}, {"value": 72.9, "offset": 225100, "blocked": true}, {"value": 64.7, "offset": 226707, "blocked": true}, {"value": 64.7, "offset": 234101, "blocked": false}, {"value": 77.3, "offset": 235963, "blocked": true}, {"value": 62.7, "offset": 238230, "blocked": true}, {"value": 49.4, "offset": 239834, "blocked": true}, {"value": 49.4, "offset": 249691, "blocked": false}, {"value": 72.3, "offset": 251247, "blocked": true}, {"value": 71, "offset": 252803, "blocked": false}, {"value": 60.4, "offset": 254400, "blocked": true}, {"value": 58.8, "offset": 255948, "blocked": false}, {"value": 52, "offset": 257534, "blocked": true}, {"value": 51.1, "offset": 260660, "blocked": false}, {"value": 62.8, "offset": 262210, "blocked": true}, {"value": 50.3, "offset": 263764, "blocked": true}, {"value": 63.2, "offset": 265325, "blocked": true}, {"value": 50.3, "offset": 266879, "blocked": true}, {"value": 49.9, "offset": 268427, "blocked": false}, {"value": 56.2, "offset": 269982, "blocked": true}, {"value": 50.2, "offset": 271532, "blocked": true}, {"value": 50.3, "offset": 276291, "blocked": false}, {"value": 59.8, "offset": 277875, "blocked": true}, {"value": 51.8, "offset": 279428, "blocked": true}, {"value": 50, "offset": 287193, "blocked": false}, {"value": 57.7, "offset": 288753, "blocked": true}, {"value": 50.3, "offset": 290283, "blocked": true}, {"value": 49.5, "offset": 293382, "blocked": false}, {"value": 57.9, "offset": 294947, "blocked": true}, {"value": 56, "offset": 296501, "blocked": false}, {"value": 49.4, "offset": 298078, "blocked": true}, {"value": 49.3, "offset": 299842, "blocked": false}]	67.9500000000000028	94.5999999999999943
121	93	Monitor	[{"value": 23.6, "offset": 623, "blocked": true}, {"value": 29.9, "offset": 299034, "blocked": false}]	27.8599999999999994	30.8999999999999986
122	94	Monitor	[{"value": 30.6, "offset": 776, "blocked": true}, {"value": 29.9, "offset": 29999, "blocked": false}, {"value": 0, "offset": 31565, "blocked": true}, {"value": 0, "offset": 37786, "blocked": false}, {"value": 30.3, "offset": 39348, "blocked": true}, {"value": 30.7, "offset": 58697, "blocked": false}]	26.4899999999999984	30.8000000000000007
123	94	Computadora	[{"value": 48.5, "offset": 991, "blocked": true}, {"value": 48.8, "offset": 59148, "blocked": false}]	48.7199999999999989	49.2000000000000028
138	97	Velador2	[{"value": 9.5, "offset": 146, "blocked": true}, {"value": 9.5, "offset": 299071, "blocked": false}]	9.47000000000000064	9.59999999999999964
139	98	Computadora	[{"value": 48.1, "offset": 476, "blocked": true}, {"value": 48.4, "offset": 59233, "blocked": false}]	48.3999999999999986	48.7000000000000028
124	95	Labo	[{"value": 61.8, "offset": 1870, "blocked": true}, {"value": 58.6, "offset": 17512, "blocked": false}, {"value": 48.8, "offset": 19154, "blocked": true}, {"value": 48.4, "offset": 190387, "blocked": false}, {"value": 56.8, "offset": 191193, "blocked": true}, {"value": 48.4, "offset": 191993, "blocked": true}, {"value": 48.5, "offset": 252025, "blocked": false}, {"value": 29.6, "offset": 253587, "blocked": true}, {"value": 7.7, "offset": 261569, "blocked": true}, {"value": 7.7, "offset": 299074, "blocked": false}]	42.9299999999999997	62.2000000000000028
125	95	Compu	[{"value": 30.3, "offset": 399, "blocked": true}, {"value": 30.7, "offset": 251914, "blocked": false}, {"value": 34.4, "offset": 273614, "blocked": true}, {"value": 34, "offset": 275174, "blocked": false}, {"value": 21.2, "offset": 276740, "blocked": true}, {"value": 0, "offset": 278459, "blocked": true}, {"value": 0, "offset": 299255, "blocked": false}]	28.3099999999999987	34.3999999999999986
126	96	Monitor	[{"value": 29.7, "offset": 176, "blocked": true}, {"value": 29.4, "offset": 10224, "blocked": false}, {"value": 0, "offset": 11799, "blocked": true}, {"value": 0, "offset": 16470, "blocked": false}, {"value": 29, "offset": 18031, "blocked": true}, {"value": 29.8, "offset": 58721, "blocked": false}]	26.370000000000001	30.1000000000000014
174	132	Computadora	[{"value": 48.1, "offset": 476, "blocked": true}, {"value": 48.4, "offset": 59233, "blocked": false}]	48.3999999999999986	48.7000000000000028
127	96	Computadora	[{"value": 60, "offset": 891, "blocked": true}, {"value": 53.6, "offset": 2457, "blocked": true}, {"value": 50.2, "offset": 44333, "blocked": false}, {"value": 61.1, "offset": 45915, "blocked": true}, {"value": 65, "offset": 52203, "blocked": false}, {"value": 72.6, "offset": 53781, "blocked": true}, {"value": 76.9, "offset": 58643, "blocked": false}]	54.2999999999999972	76.9000000000000057
128	97	Televisor	[{"value": 94.1, "offset": 750, "blocked": true}, {"value": 95.4, "offset": 298948, "blocked": false}]	95.25	96.7000000000000028
129	97	AppleTv Apagado	[{"value": 8.3, "offset": 225, "blocked": true}, {"value": 7.4, "offset": 1839, "blocked": true}, {"value": 7.7, "offset": 6487, "blocked": false}, {"value": 6.5, "offset": 8037, "blocked": true}, {"value": 6.5, "offset": 11134, "blocked": false}, {"value": 7.6, "offset": 12683, "blocked": true}, {"value": 6.7, "offset": 14244, "blocked": true}, {"value": 6.6, "offset": 18913, "blocked": false}, {"value": 8.1, "offset": 20473, "blocked": true}, {"value": 6.6, "offset": 22027, "blocked": true}, {"value": 6.5, "offset": 28455, "blocked": false}, {"value": 7.8, "offset": 30016, "blocked": true}, {"value": 6.5, "offset": 31599, "blocked": true}, {"value": 6.6, "offset": 37796, "blocked": false}, {"value": 7.8, "offset": 39355, "blocked": true}, {"value": 6.5, "offset": 40908, "blocked": true}, {"value": 6.1, "offset": 63715, "blocked": false}, {"value": 0, "offset": 65269, "blocked": true}, {"value": 0, "offset": 66803, "blocked": false}, {"value": 6.1, "offset": 68426, "blocked": true}, {"value": 6.1, "offset": 71587, "blocked": false}, {"value": 8.3, "offset": 73138, "blocked": true}, {"value": 7.3, "offset": 74690, "blocked": true}, {"value": 6.8, "offset": 91783, "blocked": false}, {"value": 0, "offset": 93328, "blocked": true}, {"value": 6.2, "offset": 94888, "blocked": true}, {"value": 0, "offset": 96452, "blocked": true}, {"value": 6, "offset": 98002, "blocked": true}, {"value": 0, "offset": 99566, "blocked": true}, {"value": 0, "offset": 107284, "blocked": false}, {"value": 6.4, "offset": 108833, "blocked": true}, {"value": 9, "offset": 110382, "blocked": true}, {"value": 9.3, "offset": 111927, "blocked": false}, {"value": 7.8, "offset": 113471, "blocked": true}, {"value": 7.1, "offset": 118131, "blocked": false}, {"value": 6.7, "offset": 119687, "blocked": true}, {"value": 6.6, "offset": 129000, "blocked": false}, {"value": 8.6, "offset": 130574, "blocked": true}, {"value": 6.8, "offset": 132117, "blocked": true}, {"value": 6.8, "offset": 138457, "blocked": false}, {"value": 8.2, "offset": 139984, "blocked": true}, {"value": 6.7, "offset": 141578, "blocked": true}, {"value": 6.7, "offset": 147980, "blocked": false}, {"value": 8.6, "offset": 149558, "blocked": true}, {"value": 6.8, "offset": 151114, "blocked": true}, {"value": 6.6, "offset": 154211, "blocked": false}, {"value": 7, "offset": 155763, "blocked": true}, {"value": 6.8, "offset": 176570, "blocked": false}, {"value": 8.9, "offset": 178121, "blocked": true}, {"value": 6.8, "offset": 179718, "blocked": true}, {"value": 6.7, "offset": 206613, "blocked": false}, {"value": 7.5, "offset": 208165, "blocked": true}, {"value": 6.7, "offset": 209713, "blocked": true}, {"value": 6.6, "offset": 234670, "blocked": false}, {"value": 7.3, "offset": 236230, "blocked": true}, {"value": 6.2, "offset": 280172, "blocked": false}, {"value": 0, "offset": 281722, "blocked": true}, {"value": 6, "offset": 283276, "blocked": true}, {"value": 6.1, "offset": 292581, "blocked": false}, {"value": 0, "offset": 294177, "blocked": true}, {"value": 6.1, "offset": 295724, "blocked": true}, {"value": 6, "offset": 298823, "blocked": false}]	6.25	9.30000000000000071
130	97	Apple Tv	[{"value": 6.4, "offset": 1130, "blocked": true}, {"value": 6.5, "offset": 2676, "blocked": false}, {"value": 7.5, "offset": 4247, "blocked": true}, {"value": 7.2, "offset": 7345, "blocked": false}, {"value": 6.4, "offset": 8895, "blocked": true}, {"value": 7.3, "offset": 10449, "blocked": true}, {"value": 9, "offset": 12004, "blocked": true}, {"value": 8.8, "offset": 13555, "blocked": false}, {"value": 6.9, "offset": 15149, "blocked": true}, {"value": 6.6, "offset": 29301, "blocked": false}, {"value": 11.3, "offset": 30854, "blocked": true}, {"value": 13.6, "offset": 32415, "blocked": true}, {"value": 11.9, "offset": 33970, "blocked": true}, {"value": 8.4, "offset": 35522, "blocked": true}, {"value": 8.4, "offset": 38627, "blocked": false}, {"value": 7.1, "offset": 40176, "blocked": true}, {"value": 7.3, "offset": 41733, "blocked": false}, {"value": 6.5, "offset": 43284, "blocked": true}, {"value": 8.6, "offset": 44880, "blocked": true}, {"value": 7.4, "offset": 46577, "blocked": true}, {"value": 8.8, "offset": 48125, "blocked": true}, {"value": 6.5, "offset": 49679, "blocked": true}, {"value": 8.5, "offset": 51237, "blocked": true}, {"value": 8.7, "offset": 52795, "blocked": false}, {"value": 9.8, "offset": 54344, "blocked": true}, {"value": 12, "offset": 55913, "blocked": true}, {"value": 8.8, "offset": 57466, "blocked": true}, {"value": 7.6, "offset": 59022, "blocked": true}, {"value": 10, "offset": 60584, "blocked": true}, {"value": 9, "offset": 62148, "blocked": true}, {"value": 10.4, "offset": 63691, "blocked": true}, {"value": 10, "offset": 66796, "blocked": false}, {"value": 11.7, "offset": 68343, "blocked": true}, {"value": 9.6, "offset": 69899, "blocked": true}, {"value": 8.1, "offset": 71457, "blocked": true}, {"value": 8.9, "offset": 73034, "blocked": true}, {"value": 10.8, "offset": 74593, "blocked": true}, {"value": 10.2, "offset": 81092, "blocked": false}, {"value": 11.5, "offset": 82646, "blocked": true}, {"value": 11.5, "offset": 84195, "blocked": false}, {"value": 9.3, "offset": 85747, "blocked": true}, {"value": 10.6, "offset": 87306, "blocked": true}, {"value": 11.4, "offset": 90426, "blocked": false}, {"value": 9.7, "offset": 91980, "blocked": true}, {"value": 10.1, "offset": 93540, "blocked": false}, {"value": 8.4, "offset": 95088, "blocked": true}, {"value": 6.6, "offset": 96648, "blocked": true}, {"value": 6.5, "offset": 298681, "blocked": false}]	7.32000000000000028	13.5999999999999996
131	97	Cargador celular	[{"value": 6.1, "offset": 556, "blocked": true}, {"value": 6.2, "offset": 8314, "blocked": false}, {"value": 0, "offset": 9867, "blocked": true}, {"value": 0, "offset": 14483, "blocked": false}, {"value": 6.1, "offset": 16079, "blocked": true}, {"value": 6.1, "offset": 17865, "blocked": false}, {"value": 0, "offset": 19463, "blocked": true}, {"value": 0, "offset": 174891, "blocked": false}, {"value": 6.2, "offset": 176448, "blocked": true}, {"value": 0, "offset": 178004, "blocked": true}, {"value": 6.2, "offset": 179551, "blocked": true}, {"value": 0, "offset": 181100, "blocked": true}, {"value": 0, "offset": 184200, "blocked": false}, {"value": 6.1, "offset": 185752, "blocked": true}, {"value": 6.4, "offset": 190442, "blocked": false}, {"value": 0, "offset": 191993, "blocked": true}, {"value": 0, "offset": 193550, "blocked": false}, {"value": 6.1, "offset": 195114, "blocked": true}, {"value": 6.1, "offset": 196669, "blocked": false}, {"value": 0, "offset": 198234, "blocked": true}, {"value": 0, "offset": 202883, "blocked": false}, {"value": 6, "offset": 204439, "blocked": true}, {"value": 6, "offset": 207571, "blocked": false}, {"value": 0, "offset": 209128, "blocked": true}, {"value": 6, "offset": 210676, "blocked": true}, {"value": 0, "offset": 212232, "blocked": true}, {"value": 0, "offset": 224813, "blocked": false}, {"value": 6, "offset": 226370, "blocked": true}, {"value": 0, "offset": 227925, "blocked": true}, {"value": 6.3, "offset": 229464, "blocked": true}, {"value": 6.2, "offset": 231012, "blocked": false}, {"value": 0, "offset": 232569, "blocked": true}, {"value": 6.2, "offset": 234116, "blocked": true}, {"value": 6.2, "offset": 235661, "blocked": false}, {"value": 0, "offset": 237221, "blocked": true}, {"value": 0, "offset": 299637, "blocked": false}]	0.810000000000000053	6.40000000000000036
132	97	Cargador Computadora	[{"value": 96.4, "offset": 877, "blocked": true}, {"value": 89.5, "offset": 44652, "blocked": false}, {"value": 98.7, "offset": 46201, "blocked": true}, {"value": 96, "offset": 61950, "blocked": false}, {"value": 91.2, "offset": 63497, "blocked": true}, {"value": 85.9, "offset": 83911, "blocked": false}, {"value": 99.4, "offset": 85468, "blocked": true}, {"value": 87.5, "offset": 87016, "blocked": true}, {"value": 99.3, "offset": 88577, "blocked": true}, {"value": 86.8, "offset": 90125, "blocked": true}, {"value": 88.1, "offset": 93229, "blocked": false}, {"value": 103.1, "offset": 94786, "blocked": true}, {"value": 87.9, "offset": 135474, "blocked": false}, {"value": 98.7, "offset": 137023, "blocked": true}, {"value": 87, "offset": 138576, "blocked": true}, {"value": 88.8, "offset": 199309, "blocked": false}, {"value": 100.4, "offset": 200872, "blocked": true}, {"value": 90.2, "offset": 202425, "blocked": true}, {"value": 87.6, "offset": 246061, "blocked": false}, {"value": 99.5, "offset": 247612, "blocked": true}, {"value": 94.5, "offset": 249183, "blocked": true}, {"value": 91.7, "offset": 299153, "blocked": false}]	90.2900000000000063	103.099999999999994
133	97	Luz LED escritorio	[{"value": 17, "offset": 357, "blocked": true}, {"value": 16.9, "offset": 298645, "blocked": false}]	16.9499999999999993	17.1999999999999993
134	97	Luz de piedra de sal	[{"value": 12.4, "offset": 225, "blocked": true}, {"value": 12.4, "offset": 298566, "blocked": false}]	12.3499999999999996	12.4000000000000004
135	97	Televisor	[{"value": 124.7, "offset": 548, "blocked": true}, {"value": 128.2, "offset": 211274, "blocked": false}, {"value": 108.4, "offset": 212910, "blocked": true}, {"value": 127.5, "offset": 214498, "blocked": true}, {"value": 127.1, "offset": 299159, "blocked": false}]	129.969999999999999	133.800000000000011
136	97	Decodificador Tv	[{"value": 17.5, "offset": 1278, "blocked": true}, {"value": 17.4, "offset": 299785, "blocked": false}]	17.4400000000000013	17.6000000000000014
137	97	Velador1	[{"value": 28.2, "offset": 446, "blocked": true}, {"value": 27.8, "offset": 298821, "blocked": false}]	27.9499999999999993	28.3000000000000007
140	98	Monitor	[{"value": 30.1, "offset": 1399, "blocked": true}, {"value": 30.4, "offset": 58974, "blocked": false}]	30.2899999999999991	30.6000000000000014
172	131	Monitor	[{"value": 29.3, "offset": 1136, "blocked": true}, {"value": 29.8, "offset": 24507, "blocked": false}, {"value": 0, "offset": 26131, "blocked": true}, {"value": 0, "offset": 31092, "blocked": false}, {"value": 30.4, "offset": 32700, "blocked": true}, {"value": 29.6, "offset": 59322, "blocked": false}]	26.3200000000000003	30.3999999999999986
173	131	Computadora	[{"value": 44.6, "offset": 1012, "blocked": true}, {"value": 46.7, "offset": 11882, "blocked": false}, {"value": 60.8, "offset": 13430, "blocked": true}, {"value": 59.5, "offset": 14997, "blocked": false}, {"value": 65.7, "offset": 16596, "blocked": true}, {"value": 75, "offset": 30760, "blocked": false}, {"value": 65.7, "offset": 32611, "blocked": true}, {"value": 65, "offset": 34151, "blocked": false}, {"value": 58.4, "offset": 35705, "blocked": true}, {"value": 56.5, "offset": 43478, "blocked": false}, {"value": 45.4, "offset": 45038, "blocked": true}, {"value": 44.7, "offset": 59077, "blocked": false}]	56.3400000000000034	77.7999999999999972
175	132	Monitor	[{"value": 30.1, "offset": 1399, "blocked": true}, {"value": 30.4, "offset": 58974, "blocked": false}]	30.2899999999999991	30.6000000000000014
176	132	Monitor	[{"value": 29.3, "offset": 1136, "blocked": true}, {"value": 29.8, "offset": 24507, "blocked": false}, {"value": 0, "offset": 26131, "blocked": true}, {"value": 0, "offset": 31092, "blocked": false}, {"value": 30.4, "offset": 32700, "blocked": true}, {"value": 29.6, "offset": 59322, "blocked": false}]	26.3200000000000003	30.3999999999999986
177	132	Computadora	[{"value": 44.6, "offset": 1012, "blocked": true}, {"value": 46.7, "offset": 11882, "blocked": false}, {"value": 60.8, "offset": 13430, "blocked": true}, {"value": 59.5, "offset": 14997, "blocked": false}, {"value": 65.7, "offset": 16596, "blocked": true}, {"value": 75, "offset": 30760, "blocked": false}, {"value": 65.7, "offset": 32611, "blocked": true}, {"value": 65, "offset": 34151, "blocked": false}, {"value": 58.4, "offset": 35705, "blocked": true}, {"value": 56.5, "offset": 43478, "blocked": false}, {"value": 45.4, "offset": 45038, "blocked": true}, {"value": 44.7, "offset": 59077, "blocked": false}]	56.3400000000000034	77.7999999999999972
178	133	comou	[{"value": 53.3, "offset": 492, "blocked": true}, {"value": 51.1, "offset": 2096, "blocked": false}, {"value": 56.9, "offset": 3638, "blocked": true}, {"value": 43.1, "offset": 5237, "blocked": true}, {"value": 41.9, "offset": 6860, "blocked": false}, {"value": 2.5, "offset": 8599, "blocked": true}, {"value": 2.5, "offset": 11979, "blocked": false}, {"value": 4.8, "offset": 13531, "blocked": true}, {"value": 37.9, "offset": 15102, "blocked": true}, {"value": 31.9, "offset": 16664, "blocked": true}, {"value": 41.5, "offset": 18215, "blocked": true}, {"value": 59.6, "offset": 19982, "blocked": true}, {"value": 42.3, "offset": 21652, "blocked": true}, {"value": 51.2, "offset": 23240, "blocked": true}, {"value": 42.8, "offset": 24809, "blocked": true}, {"value": 43.7, "offset": 26375, "blocked": false}, {"value": 56.9, "offset": 27932, "blocked": true}, {"value": 46.2, "offset": 29512, "blocked": true}, {"value": 52.4, "offset": 31082, "blocked": true}, {"value": 74.2, "offset": 32632, "blocked": true}, {"value": 44.7, "offset": 34316, "blocked": true}, {"value": 40, "offset": 35916, "blocked": true}, {"value": 39.5, "offset": 39192, "blocked": false}, {"value": 53.1, "offset": 40754, "blocked": true}, {"value": 39, "offset": 42316, "blocked": true}, {"value": 39.5, "offset": 43890, "blocked": false}, {"value": 44.2, "offset": 45449, "blocked": true}, {"value": 37, "offset": 47013, "blocked": true}, {"value": 44.2, "offset": 48566, "blocked": true}, {"value": 51.9, "offset": 50143, "blocked": true}, {"value": 51.5, "offset": 54842, "blocked": false}, {"value": 39.1, "offset": 56392, "blocked": true}, {"value": 38.7, "offset": 57946, "blocked": false}, {"value": 56.3, "offset": 59563, "blocked": true}]	41.7899999999999991	74.2000000000000028
179	134	Lampara del escritorio de la pieza	[{"value": 17.1, "offset": 111, "blocked": true}, {"value": 17.1, "offset": 4873, "blocked": false}, {"value": 0, "offset": 6431, "blocked": true}, {"value": 0, "offset": 9534, "blocked": false}, {"value": 17.3, "offset": 11100, "blocked": true}, {"value": 17.1, "offset": 15759, "blocked": false}, {"value": 0, "offset": 17320, "blocked": true}, {"value": 0, "offset": 23528, "blocked": false}, {"value": 4.8, "offset": 25083, "blocked": true}, {"value": 17.7, "offset": 26640, "blocked": true}, {"value": 17.5, "offset": 31302, "blocked": false}, {"value": 0, "offset": 32859, "blocked": true}, {"value": 0, "offset": 39095, "blocked": false}, {"value": 18, "offset": 40647, "blocked": true}, {"value": 17.5, "offset": 53094, "blocked": false}, {"value": 0, "offset": 54646, "blocked": true}, {"value": 0, "offset": 59316, "blocked": false}]	9.36999999999999922	18
180	135	Lucas - Lampara pieza	[{"value": 16.3, "offset": 635, "blocked": true}, {"value": 16.3, "offset": 9940, "blocked": false}, {"value": 0, "offset": 11499, "blocked": true}, {"value": 0, "offset": 22464, "blocked": false}, {"value": 17.3, "offset": 24023, "blocked": true}, {"value": 16.4, "offset": 59917, "blocked": false}]	13.1500000000000004	17.3000000000000007
213	168	En la mesada de la cocina	[{"value": 18.2, "offset": 338, "blocked": true}, {"value": 17.7, "offset": 4972, "blocked": false}, {"value": 0, "offset": 6519, "blocked": true}, {"value": 0, "offset": 9601, "blocked": false}, {"value": 18.9, "offset": 11151, "blocked": true}, {"value": 18.6, "offset": 17578, "blocked": false}, {"value": 16.2, "offset": 19124, "blocked": true}, {"value": 0, "offset": 20732, "blocked": true}, {"value": 0, "offset": 25585, "blocked": false}, {"value": 19, "offset": 27144, "blocked": true}, {"value": 18.6, "offset": 31794, "blocked": false}, {"value": 0, "offset": 33352, "blocked": true}, {"value": 16.2, "offset": 34904, "blocked": true}, {"value": 18.7, "offset": 36448, "blocked": true}, {"value": 18.4, "offset": 45748, "blocked": false}, {"value": 7.1, "offset": 47303, "blocked": true}, {"value": 0, "offset": 48842, "blocked": true}, {"value": 0, "offset": 51933, "blocked": false}, {"value": 18.5, "offset": 53491, "blocked": true}, {"value": 18.5, "offset": 59661, "blocked": false}]	12.7799999999999994	19
214	169	Lampara de la cocina	[{"value": 17.7, "offset": 624, "blocked": true}, {"value": 17.5, "offset": 3715, "blocked": false}, {"value": 3.5, "offset": 5264, "blocked": true}, {"value": 0, "offset": 6900, "blocked": true}, {"value": 0, "offset": 8570, "blocked": false}, {"value": 17.6, "offset": 10119, "blocked": true}, {"value": 17.8, "offset": 16348, "blocked": false}, {"value": 0, "offset": 17902, "blocked": true}, {"value": 0, "offset": 22535, "blocked": false}, {"value": 18.2, "offset": 24084, "blocked": true}, {"value": 18.4, "offset": 35168, "blocked": false}, {"value": 0, "offset": 36726, "blocked": true}, {"value": 0, "offset": 42909, "blocked": false}, {"value": 18.4, "offset": 44517, "blocked": true}, {"value": 18.3, "offset": 58619, "blocked": false}]	12.4299999999999997	18.5
\.


--
-- TOC entry 2971 (class 0 OID 426437)
-- Dependencies: 201
-- Data for Name: Reports; Type: TABLE DATA; Schema: public; Owner: powermeter
--

COPY public."Reports" (id, name, "timeStart", "secondsDuration", "averagePower", "maximumPower") FROM stdin;
1	Casa Nicolas	1571107996830	86400000	695.350000000000023	3253.90000000000009
8	Estufa electrica Ivan	1571878260624	300000	1216.66000000000008	1675.90000000000009
89	Casa Ivan - Habitacin Andy	1571959773043	300000	55.4299999999999997	66.7000000000000028
92	Casa Ivan - Comedor	1571961216097	300000	448.910000000000025	463.5
87	Casa Ivan - Habitacin Ivn	1571871553334	300000	216.870000000000005	230.5
88	Casa Ivan - Habitacin Principal	1571957120601	300000	197.180000000000007	195.800000000000011
98	Computadora NC1866	1572985144505	60000	78.6899999999999977	79.2000000000000028
131	Computadora	1572991704399	60000	82.6599999999999966	106.700000000000003
132	super comptadora	1572985144505	60000	161.349999999999994	174.300000000000011
133	compu	1574981184342	60000	41.7899999999999991	74.2000000000000028
169	Reporte de la lampara de la cocina	1604442921626	60000	12.4299999999999997	18.5
\.


--
-- TOC entry 2969 (class 0 OID 426430)
-- Dependencies: 199
-- Data for Name: Sensors; Type: TABLE DATA; Schema: public; Owner: powermeter
--

COPY public."Sensors" (id, name, sensibility, "currentMedition", "lastPush") FROM stdin;
101	Sensor 100	5	0	1572742790125
100	Sensor 2	30	0	1572736676381
\.


--
-- TOC entry 2973 (class 0 OID 426445)
-- Dependencies: 203
-- Data for Name: Simulations; Type: TABLE DATA; Schema: public; Owner: powermeter
--

COPY public."Simulations" (id, name, "totalCost", "totalKwh", "fixedCost", "kwhCost", "durationInHours") FROM stdin;
1	Casa Nicolas	1191.46000000000004	287.605799999999988	100	3.79499999999999993	720
3	Casa Ivan - Habitacin Ivn	75.1478309999999965	19.8018000000000001	0	3.79499999999999993	720
4	Casa Ivan - Habitacin Principal	101.27640599999998	26.6868000000000016	0	3.79499999999999993	720
5	Casa Ivan - Habitacin Andy	38.7283545000000018	10.2051000000000016	0	3.79499999999999993	720
6	Casa Ivan - Comedor	300.386393999999996	79.1531999999999982	0	3.79499999999999993	720
7	Casa Ivan	1015.53898549999997	135.846900000000005	500	3.79499999999999993	720
9	Laboratorio naranja	27.5407379999999975	9.68039999999999878	0	2.8450000000000002	720
10	Laboratorio naranja	60.4457234999999997	21.246299999999998	0	2.8450000000000002	720
11	facultad	14.2671060000000018	5.01480000000000015	0	2.8450000000000002	720
12	Nueva simu	17.8338825000000014	6.26850000000000041	0	2.8450000000000002	720
14	Cuanto consume la lampara de la cocina	2004.24360200000001	1.49159999999999981	2000	2.8450000000000002	720
\.


--
-- TOC entry 2975 (class 0 OID 426453)
-- Dependencies: 205
-- Data for Name: SimulationElements; Type: TABLE DATA; Schema: public; Owner: powermeter
--

COPY public."SimulationElements" (id, "SimulationId", "useInHoursMedition", name, "totalConsumption", "totalCostConsumption", percentage) FROM stdin;
1	1	24	Heladera	51.4187999999999974	195.134345999999994	17.8782208147401995
2	1	24	Luces	19.4328000000000003	73.747476000000006	6.7567482992345802
3	1	10	Estufa	150.579000000000008	571.447305000000028	52.3560373260901031
4	1	24	Hornito	7.72560000000000002	29.3186520000000002	2.68617670436410005
5	1	24	Caloventor	8.63279999999999959	32.7614760000000018	3.00160845156807987
6	1	24	Enchufes	49.8168000000000006	189.054755999999998	17.3212084040029985
8	3	3	Televisor	8.57249999999999979	32.5326374999999999	43.2915189528224715
9	3	20	AppleTv Apagado	3.75000000000000044	14.2312500000000011	18.9376723328182308
10	3	2	Apple Tv	0.439199999999999979	1.66676399999999991	2.21798018361967086
11	3	4	Cargador celular	0.0971999999999999947	0.36887399999999998	0.490864466866648419
12	3	2	Cargador Computadora	5.41739999999999977	20.5590329999999994	27.3581189588825247
13	3	3	Luz LED escritorio	1.52550000000000008	5.78927250000000004	7.70384510499045572
14	4	8	Luz de piedra de sal	2.96399999999999952	11.2483799999999974	11.1066145060479329
15	4	2	Televisor	7.79819999999999958	29.5941689999999973	29.2211880030576872
16	4	24	Decodificador Tv	12.5568000000000008	47.6530559999999994	47.0524753810872767
17	4	3	Velador1	2.51549999999999985	9.54632249999999871	9.4260083636854155
18	4	3	Velador2	0.852300000000000058	3.23447850000000026	3.19371374612167802
19	5	21	Tv Apagada	6.08579999999999988	23.0956109999999981	59.6348884381338706
20	5	3	Televisor	4.11930000000000085	15.6327435000000037	40.3651115618661223
21	6	1	Playstation 4	2.75159999999999982	10.442321999999999	3.47629659950576819
22	6	2	Playstation 4 Jugando juego	8.29139999999999944	31.4658629999999988	10.4751292430375518
23	6	6	Televisor	29.8566000000000038	113.305797000000013	37.720016373311509
24	6	24	Router	17.6975999999999978	67.162391999999997	22.3586664847409793
25	6	24	Deco Flow	20.5560000000000009	78.0100199999999973	25.9698912994041926
26	7	8	Luz de piedra de sal	2.96399999999999952	11.2483799999999974	2.18186797048736469
27	7	2	Televisor	7.79819999999999958	29.5941689999999973	5.74043279603730294
28	7	24	Decodificador Tv	12.5568000000000008	47.6530559999999994	9.24334673812946761
29	7	3	Velador1	2.51549999999999985	9.54632249999999871	1.85171689600572398
30	7	3	Velador2	0.852300000000000058	3.23447850000000026	0.627397459934676438
31	7	21	Tv Apagada	6.08579999999999988	23.0956109999999981	4.47989611835087853
32	7	3	Televisor	4.11930000000000085	15.6327435000000037	3.03231063793137734
33	7	3	Televisor	8.57249999999999979	32.5326374999999999	6.31041267780125992
34	7	20	AppleTv Apagado	3.75000000000000044	14.2312500000000011	2.76046048897692931
35	7	2	Apple Tv	0.439199999999999979	1.66676399999999991	0.323305132468977907
36	7	4	Cargador celular	0.0971999999999999947	0.36887399999999998	0.0715511358742819958
37	7	2	Cargador Computadora	5.41739999999999977	20.5590329999999994	3.98787164079563095
38	7	3	Luz LED escritorio	1.52550000000000008	5.78927250000000004	1.12295532691581479
39	7	1	Playstation 4	2.75159999999999982	10.442321999999999	2.02551548839171103
40	7	2	Playstation 4 Jugando juego	8.29139999999999944	31.4658629999999988	6.10348855954754921
41	7	6	Televisor	29.8566000000000038	113.305797000000013	21.9781239027169555
42	7	24	Router	17.6975999999999978	67.162391999999997	13.0276068132581582
43	7	24	Deco Flow	20.5560000000000009	78.0100199999999973	15.1317402163759329
49	9	4	Monitor	3.16439999999999966	9.00271799999999978	32.6887318705838581
50	9	4	Computadora	6.51599999999999913	18.5380199999999995	67.3112681294161348
51	10	9	Computadora	13.0679999999999996	37.1784600000000012	61.5071800737069552
52	10	9	Monitor	8.17830000000000013	23.2672635000000021	38.4928199262930519
53	11	4	comou	5.01480000000000015	14.2671060000000018	100
54	12	5	comou	6.26850000000000041	17.8338825000000014	100
56	14	4	Lampara de la cocina	1.49159999999999981	4.2436020000000001	99.9999999999999858
\.
